/*
 Navicat Premium Data Transfer

 Source Server         : localhost_3306
 Source Server Type    : MySQL
 Source Server Version : 50728
 Source Host           : localhost:3306
 Source Schema         : hardware_mall

 Target Server Type    : MySQL
 Target Server Version : 50728
 File Encoding         : 65001

 Date: 31/03/2020 01:59:46
*/

SET NAMES utf8mb4;
SET FOREIGN_KEY_CHECKS = 0;

-- ----------------------------
-- Table structure for base_dict
-- ----------------------------
DROP TABLE IF EXISTS `base_dict`;
CREATE TABLE `base_dict`  (
  `dice_id` int(11) NOT NULL,
  `dict_type_code` varchar(255) CHARACTER SET utf8 COLLATE utf8_general_ci NULL DEFAULT NULL,
  `dict_type_name` varchar(255) CHARACTER SET utf8 COLLATE utf8_general_ci NULL DEFAULT NULL,
  `dict_item_name` varchar(255) CHARACTER SET utf8 COLLATE utf8_general_ci NULL DEFAULT NULL,
  `dict_item_code` varchar(255) CHARACTER SET utf8 COLLATE utf8_general_ci NULL DEFAULT NULL,
  `dict_sort` int(10) NULL DEFAULT NULL,
  `dict_enable` char(1) CHARACTER SET utf8 COLLATE utf8_general_ci NULL DEFAULT NULL,
  `dict_memo` varchar(255) CHARACTER SET utf8 COLLATE utf8_general_ci NULL DEFAULT NULL
) ENGINE = InnoDB CHARACTER SET = utf8 COLLATE = utf8_general_ci ROW_FORMAT = Compact;

-- ----------------------------
-- Records of base_dict
-- ----------------------------

-- ----------------------------
-- Table structure for customer
-- ----------------------------
DROP TABLE IF EXISTS `customer`;
CREATE TABLE `customer`  (
  `cust_id` int(32) NOT NULL,
  `cust_name` varchar(255) CHARACTER SET utf8 COLLATE utf8_general_ci NULL DEFAULT NULL,
  `cust_user_id` int(11) NULL DEFAULT NULL,
  `cust_create_id` int(11) NULL DEFAULT NULL,
  `cust_source` varchar(255) CHARACTER SET utf8 COLLATE utf8_general_ci NULL DEFAULT NULL,
  `cust_industry` varchar(255) CHARACTER SET utf8 COLLATE utf8_general_ci NULL DEFAULT NULL,
  `cust_level` varchar(255) CHARACTER SET utf8 COLLATE utf8_general_ci NULL DEFAULT NULL,
  `cust_linkman` varchar(255) CHARACTER SET utf8 COLLATE utf8_general_ci NULL DEFAULT NULL,
  `cust_phone` varchar(255) CHARACTER SET utf8 COLLATE utf8_general_ci NULL DEFAULT NULL,
  `cust_mobile` varchar(255) CHARACTER SET utf8 COLLATE utf8_general_ci NULL DEFAULT NULL,
  `cust_zipcode` varchar(255) CHARACTER SET utf8 COLLATE utf8_general_ci NULL DEFAULT NULL,
  `cust_address` varchar(255) CHARACTER SET utf8 COLLATE utf8_general_ci NULL DEFAULT NULL,
  `cust_createtime` datetime(0) NULL DEFAULT NULL,
  PRIMARY KEY (`cust_id`) USING BTREE
) ENGINE = InnoDB CHARACTER SET = utf8 COLLATE = utf8_general_ci ROW_FORMAT = Compact;

-- ----------------------------
-- Records of customer
-- ----------------------------

-- ----------------------------
-- Table structure for sys_user
-- ----------------------------
DROP TABLE IF EXISTS `sys_user`;
CREATE TABLE `sys_user`  (
  `user_id` int(32) NOT NULL,
  `user_code` varchar(32) CHARACTER SET utf8 COLLATE utf8_general_ci NULL DEFAULT NULL,
  `user_name` varchar(50) CHARACTER SET utf8 COLLATE utf8_general_ci NULL DEFAULT NULL,
  `user_password` varchar(32) CHARACTER SET utf8 COLLATE utf8_general_ci NULL DEFAULT NULL,
  `user_state` varchar(1) CHARACTER SET utf8 COLLATE utf8_general_ci NULL DEFAULT NULL,
  PRIMARY KEY (`user_id`) USING BTREE
) ENGINE = InnoDB CHARACTER SET = utf8 COLLATE = utf8_general_ci ROW_FORMAT = Compact;

-- ----------------------------
-- Records of sys_user
-- ----------------------------
INSERT INTO `sys_user` VALUES (1, '1', 'root', 'root', '1');

-- ----------------------------
-- Table structure for tb_hardware_mall_admin_user
-- ----------------------------
DROP TABLE IF EXISTS `tb_hardware_mall_admin_user`;
CREATE TABLE `tb_hardware_mall_admin_user`  (
  `admin_user_id` int(11) NOT NULL AUTO_INCREMENT COMMENT '管理员id',
  `login_user_name` varchar(50) CHARACTER SET utf8 COLLATE utf8_general_ci NOT NULL COMMENT '管理员登陆名称',
  `login_password` varchar(50) CHARACTER SET utf8 COLLATE utf8_general_ci NOT NULL COMMENT '管理员登陆密码',
  `nick_name` varchar(50) CHARACTER SET utf8 COLLATE utf8_general_ci NOT NULL COMMENT '管理员显示昵称',
  `locked` tinyint(4) NULL DEFAULT 0 COMMENT '是否锁定 0未锁定 1已锁定无法登陆',
  PRIMARY KEY (`admin_user_id`) USING BTREE
) ENGINE = InnoDB AUTO_INCREMENT = 4 CHARACTER SET = utf8 COLLATE = utf8_general_ci ROW_FORMAT = Dynamic;

-- ----------------------------
-- Records of tb_hardware_mall_admin_user
-- ----------------------------
INSERT INTO `tb_hardware_mall_admin_user` VALUES (1, 'admin', 'e10adc3949ba59abbe56e057f20f883e', '123', 0);
INSERT INTO `tb_hardware_mall_admin_user` VALUES (2, 'admin1', 'e10adc3949ba59abbe56e057f20f883e', 'admin1', 0);
INSERT INTO `tb_hardware_mall_admin_user` VALUES (3, 'admin2', 'e10adc3949ba59abbe56e057f20f883e', 'admin2', 0);

-- ----------------------------
-- Table structure for tb_hardware_mall_carousel
-- ----------------------------
DROP TABLE IF EXISTS `tb_hardware_mall_carousel`;
CREATE TABLE `tb_hardware_mall_carousel`  (
  `carousel_id` int(11) NOT NULL AUTO_INCREMENT COMMENT '首页轮播图主键id',
  `carousel_url` varchar(100) CHARACTER SET utf8 COLLATE utf8_general_ci NOT NULL DEFAULT '' COMMENT '轮播图',
  `redirect_url` varchar(100) CHARACTER SET utf8 COLLATE utf8_general_ci NOT NULL DEFAULT '\'##\'' COMMENT '点击后的跳转地址(默认不跳转)',
  `carousel_rank` int(11) NOT NULL DEFAULT 0 COMMENT '排序值(字段越大越靠前)',
  `is_deleted` tinyint(4) NOT NULL DEFAULT 0 COMMENT '删除标识字段(0-未删除 1-已删除)',
  `create_time` datetime(0) NOT NULL DEFAULT CURRENT_TIMESTAMP(0) COMMENT '创建时间',
  `create_user` int(11) NOT NULL DEFAULT 0 COMMENT '创建者id',
  `update_time` datetime(0) NOT NULL DEFAULT CURRENT_TIMESTAMP(0) COMMENT '修改时间',
  `update_user` int(11) NOT NULL DEFAULT 0 COMMENT '修改者id',
  PRIMARY KEY (`carousel_id`) USING BTREE
) ENGINE = InnoDB AUTO_INCREMENT = 10 CHARACTER SET = utf8 COLLATE = utf8_general_ci ROW_FORMAT = Dynamic;

-- ----------------------------
-- Records of tb_hardware_mall_carousel
-- ----------------------------
INSERT INTO `tb_hardware_mall_carousel` VALUES (5, 'http://localhost:8080/upload/20200331_01570541.png', 'http://localhost:8080/goods/detail/10933', 1, 0, '2019-11-29 00:00:00', 0, '2020-03-31 01:57:25', 0);
INSERT INTO `tb_hardware_mall_carousel` VALUES (8, 'http://localhost:8080/upload/20200326_17122169.png', 'http://localhost:8080/goods/detail/10901', 3, 0, '2020-03-26 17:12:27', 0, '2020-03-26 23:34:53', 0);
INSERT INTO `tb_hardware_mall_carousel` VALUES (9, 'http://localhost:8080/upload/20200326_17183657.png', 'http://localhost:8080/goods/detail/10902', 2, 0, '2020-03-26 17:18:42', 0, '2020-03-26 23:46:43', 0);

-- ----------------------------
-- Table structure for tb_hardware_mall_goods_category
-- ----------------------------
DROP TABLE IF EXISTS `tb_hardware_mall_goods_category`;
CREATE TABLE `tb_hardware_mall_goods_category`  (
  `category_id` bigint(20) NOT NULL AUTO_INCREMENT COMMENT '分类id',
  `category_level` tinyint(4) NOT NULL DEFAULT 0 COMMENT '分类级别(1-一级分类 2-二级分类 3-三级分类)',
  `parent_id` bigint(20) NOT NULL DEFAULT 0 COMMENT '父分类id',
  `category_name` varchar(50) CHARACTER SET utf8 COLLATE utf8_general_ci NOT NULL DEFAULT '' COMMENT '分类名称',
  `category_rank` int(11) NOT NULL DEFAULT 0 COMMENT '排序值(字段越大越靠前)',
  `is_deleted` tinyint(4) NOT NULL DEFAULT 0 COMMENT '删除标识字段(0-未删除 1-已删除)',
  `create_time` datetime(0) NOT NULL DEFAULT CURRENT_TIMESTAMP(0) COMMENT '创建时间',
  `create_user` int(11) NOT NULL DEFAULT 0 COMMENT '创建者id',
  `update_time` datetime(0) NOT NULL DEFAULT CURRENT_TIMESTAMP(0) COMMENT '修改时间',
  `update_user` int(11) NULL DEFAULT 0 COMMENT '修改者id',
  PRIMARY KEY (`category_id`) USING BTREE
) ENGINE = InnoDB AUTO_INCREMENT = 183 CHARACTER SET = utf8 COLLATE = utf8_general_ci ROW_FORMAT = Dynamic;

-- ----------------------------
-- Records of tb_hardware_mall_goods_category
-- ----------------------------
INSERT INTO `tb_hardware_mall_goods_category` VALUES (110, 1, 0, '独立显卡', 8, 0, '2020-03-26 18:30:43', 0, '2020-03-26 20:47:37', 0);
INSERT INTO `tb_hardware_mall_goods_category` VALUES (111, 1, 0, '处理器', 7, 0, '2020-03-26 18:30:56', 0, '2020-03-26 20:47:42', 0);
INSERT INTO `tb_hardware_mall_goods_category` VALUES (112, 1, 0, '主板', 6, 0, '2020-03-26 18:31:03', 0, '2020-03-26 20:47:47', 0);
INSERT INTO `tb_hardware_mall_goods_category` VALUES (113, 1, 0, '散热器', 5, 0, '2020-03-26 18:31:08', 0, '2020-03-26 20:47:51', 0);
INSERT INTO `tb_hardware_mall_goods_category` VALUES (114, 1, 0, '硬盘', 4, 0, '2020-03-26 18:31:18', 0, '2020-03-26 20:47:56', 0);
INSERT INTO `tb_hardware_mall_goods_category` VALUES (115, 1, 0, '内存条', 3, 0, '2020-03-26 18:31:23', 0, '2020-03-26 20:48:01', 0);
INSERT INTO `tb_hardware_mall_goods_category` VALUES (116, 1, 0, '机箱', 1, 0, '2020-03-26 18:31:27', 0, '2020-03-26 20:48:17', 0);
INSERT INTO `tb_hardware_mall_goods_category` VALUES (117, 1, 0, '电源', 0, 0, '2020-03-26 18:31:36', 0, '2020-03-26 18:31:36', 0);
INSERT INTO `tb_hardware_mall_goods_category` VALUES (118, 1, 0, '外设', 2, 0, '2020-03-26 18:31:41', 0, '2020-03-26 20:48:13', 0);
INSERT INTO `tb_hardware_mall_goods_category` VALUES (119, 2, 110, '英伟达显卡', 0, 0, '2020-03-26 18:33:49', 0, '2020-03-26 18:33:49', 0);
INSERT INTO `tb_hardware_mall_goods_category` VALUES (120, 2, 110, 'AMD显卡', 0, 0, '2020-03-26 18:33:54', 0, '2020-03-26 18:33:54', 0);
INSERT INTO `tb_hardware_mall_goods_category` VALUES (121, 3, 119, 'GTX系列', 0, 0, '2020-03-26 18:34:05', 0, '2020-03-26 18:34:05', 0);
INSERT INTO `tb_hardware_mall_goods_category` VALUES (122, 3, 119, 'RTX系列', 0, 0, '2020-03-26 18:34:11', 0, '2020-03-26 18:34:11', 0);
INSERT INTO `tb_hardware_mall_goods_category` VALUES (123, 3, 119, 'Titan系列', 0, 0, '2020-03-26 18:34:22', 0, '2020-03-26 18:34:22', 0);
INSERT INTO `tb_hardware_mall_goods_category` VALUES (124, 3, 120, 'RX系列', 0, 0, '2020-03-26 18:34:40', 0, '2020-03-26 18:34:40', 0);
INSERT INTO `tb_hardware_mall_goods_category` VALUES (125, 2, 111, '英特尔处理器', 0, 0, '2020-03-26 18:35:00', 0, '2020-03-26 18:35:00', 0);
INSERT INTO `tb_hardware_mall_goods_category` VALUES (126, 2, 111, 'AMD处理器', 0, 0, '2020-03-26 18:35:05', 0, '2020-03-26 18:35:05', 0);
INSERT INTO `tb_hardware_mall_goods_category` VALUES (127, 3, 125, 'i9处理器', 0, 0, '2020-03-26 18:35:20', 0, '2020-03-26 18:35:20', 0);
INSERT INTO `tb_hardware_mall_goods_category` VALUES (128, 3, 125, 'i7处理器', 0, 0, '2020-03-26 18:35:26', 0, '2020-03-26 18:35:26', 0);
INSERT INTO `tb_hardware_mall_goods_category` VALUES (129, 3, 125, 'i5处理器', 0, 0, '2020-03-26 18:35:32', 0, '2020-03-26 18:35:32', 0);
INSERT INTO `tb_hardware_mall_goods_category` VALUES (130, 3, 125, 'i3处理器', 0, 0, '2020-03-26 18:35:37', 0, '2020-03-26 18:35:37', 0);
INSERT INTO `tb_hardware_mall_goods_category` VALUES (131, 3, 125, '至强处理器', 0, 0, '2020-03-26 18:35:45', 0, '2020-03-26 18:35:45', 0);
INSERT INTO `tb_hardware_mall_goods_category` VALUES (132, 3, 126, '锐龙系列', 0, 0, '2020-03-26 18:36:04', 0, '2020-03-26 18:36:04', 0);
INSERT INTO `tb_hardware_mall_goods_category` VALUES (133, 3, 126, '线程撕裂者', 0, 0, '2020-03-26 18:36:11', 0, '2020-03-26 18:36:11', 0);
INSERT INTO `tb_hardware_mall_goods_category` VALUES (134, 2, 112, '英特尔主板', 0, 0, '2020-03-26 18:36:30', 0, '2020-03-26 18:36:30', 0);
INSERT INTO `tb_hardware_mall_goods_category` VALUES (135, 2, 112, 'AMD主板', 0, 0, '2020-03-26 18:36:37', 0, '2020-03-26 18:37:47', 0);
INSERT INTO `tb_hardware_mall_goods_category` VALUES (136, 3, 134, '英特尔标准板ATX', 0, 0, '2020-03-26 18:37:03', 0, '2020-03-26 18:38:10', 0);
INSERT INTO `tb_hardware_mall_goods_category` VALUES (137, 3, 134, '英特尔小板ITX', 0, 0, '2020-03-26 18:37:13', 0, '2020-03-26 18:38:20', 0);
INSERT INTO `tb_hardware_mall_goods_category` VALUES (138, 3, 135, 'AMD标准板ATX', 0, 0, '2020-03-26 18:38:38', 0, '2020-03-26 18:38:38', 0);
INSERT INTO `tb_hardware_mall_goods_category` VALUES (139, 3, 135, 'AMD小板ITX', 0, 0, '2020-03-26 18:38:49', 0, '2020-03-26 18:38:49', 0);
INSERT INTO `tb_hardware_mall_goods_category` VALUES (140, 2, 113, '风冷散热', 0, 0, '2020-03-26 18:40:05', 0, '2020-03-26 18:40:05', 0);
INSERT INTO `tb_hardware_mall_goods_category` VALUES (141, 2, 113, '水冷散热', 0, 0, '2020-03-26 18:40:10', 0, '2020-03-26 18:40:10', 0);
INSERT INTO `tb_hardware_mall_goods_category` VALUES (142, 3, 140, '下压式散热', 0, 0, '2020-03-26 18:40:22', 0, '2020-03-26 18:40:22', 0);
INSERT INTO `tb_hardware_mall_goods_category` VALUES (143, 3, 140, '侧吹塔式散热', 0, 0, '2020-03-26 18:40:32', 0, '2020-03-26 18:40:32', 0);
INSERT INTO `tb_hardware_mall_goods_category` VALUES (144, 3, 141, '360水冷', 0, 0, '2020-03-26 18:40:53', 0, '2020-03-26 18:40:53', 0);
INSERT INTO `tb_hardware_mall_goods_category` VALUES (145, 3, 141, '240水冷', 0, 0, '2020-03-26 18:40:58', 0, '2020-03-26 18:40:58', 0);
INSERT INTO `tb_hardware_mall_goods_category` VALUES (146, 3, 141, '120水冷', 0, 0, '2020-03-26 18:41:03', 0, '2020-03-26 18:41:03', 0);
INSERT INTO `tb_hardware_mall_goods_category` VALUES (147, 2, 114, '固态硬盘', 0, 0, '2020-03-26 18:41:43', 0, '2020-03-26 18:41:43', 0);
INSERT INTO `tb_hardware_mall_goods_category` VALUES (148, 2, 114, '机械硬盘', 0, 0, '2020-03-26 18:41:47', 0, '2020-03-26 18:41:47', 0);
INSERT INTO `tb_hardware_mall_goods_category` VALUES (149, 3, 147, 'SATA固态硬盘', 0, 0, '2020-03-26 18:42:11', 0, '2020-03-26 18:42:11', 0);
INSERT INTO `tb_hardware_mall_goods_category` VALUES (150, 3, 147, 'M2固态硬盘', 0, 0, '2020-03-26 18:42:22', 0, '2020-03-26 18:42:22', 0);
INSERT INTO `tb_hardware_mall_goods_category` VALUES (151, 3, 148, 'SATA机械硬盘', 0, 0, '2020-03-26 18:42:38', 0, '2020-03-26 18:42:38', 0);
INSERT INTO `tb_hardware_mall_goods_category` VALUES (152, 2, 115, 'DDR4', 0, 0, '2020-03-26 18:43:15', 0, '2020-03-26 18:43:15', 0);
INSERT INTO `tb_hardware_mall_goods_category` VALUES (153, 3, 152, '4G内存', 0, 0, '2020-03-26 18:43:27', 0, '2020-03-26 18:43:27', 0);
INSERT INTO `tb_hardware_mall_goods_category` VALUES (154, 3, 152, '8G内存', 0, 0, '2020-03-26 18:43:32', 0, '2020-03-26 18:43:32', 0);
INSERT INTO `tb_hardware_mall_goods_category` VALUES (155, 3, 152, '16G内存', 0, 0, '2020-03-26 18:43:37', 0, '2020-03-26 18:43:37', 0);
INSERT INTO `tb_hardware_mall_goods_category` VALUES (156, 2, 116, 'ATX机箱', 0, 0, '2020-03-26 18:43:55', 0, '2020-03-26 18:43:55', 0);
INSERT INTO `tb_hardware_mall_goods_category` VALUES (157, 2, 116, 'ITX机箱', 0, 0, '2020-03-26 18:44:00', 0, '2020-03-26 18:44:00', 0);
INSERT INTO `tb_hardware_mall_goods_category` VALUES (158, 3, 156, '游戏悍将ATX', 0, 0, '2020-03-26 18:44:15', 0, '2020-03-26 18:44:15', 0);
INSERT INTO `tb_hardware_mall_goods_category` VALUES (159, 3, 156, '先马ATX', 0, 0, '2020-03-26 18:44:21', 0, '2020-03-26 18:44:21', 0);
INSERT INTO `tb_hardware_mall_goods_category` VALUES (160, 3, 156, '金河田ATX', 0, 0, '2020-03-26 18:44:27', 0, '2020-03-26 18:44:27', 0);
INSERT INTO `tb_hardware_mall_goods_category` VALUES (161, 3, 157, '先马ITX', 0, 0, '2020-03-26 18:44:42', 0, '2020-03-26 18:45:07', 0);
INSERT INTO `tb_hardware_mall_goods_category` VALUES (162, 3, 157, '金河田ITX', 0, 0, '2020-03-26 18:45:12', 0, '2020-03-26 18:45:12', 0);
INSERT INTO `tb_hardware_mall_goods_category` VALUES (163, 2, 117, '金牌电源', 0, 0, '2020-03-26 18:45:28', 0, '2020-03-26 18:45:28', 0);
INSERT INTO `tb_hardware_mall_goods_category` VALUES (164, 2, 117, '铜牌电源', 0, 0, '2020-03-26 18:45:34', 0, '2020-03-26 18:45:34', 0);
INSERT INTO `tb_hardware_mall_goods_category` VALUES (165, 3, 163, '金牌400W以下', 0, 1, '2020-03-26 18:45:45', 0, '2020-03-26 18:45:45', 0);
INSERT INTO `tb_hardware_mall_goods_category` VALUES (166, 3, 163, '金牌450W以上', 0, 0, '2020-03-26 18:45:59', 0, '2020-03-26 18:45:59', 0);
INSERT INTO `tb_hardware_mall_goods_category` VALUES (167, 3, 164, '铜牌400W以下', 0, 0, '2020-03-26 18:46:18', 0, '2020-03-26 18:46:18', 0);
INSERT INTO `tb_hardware_mall_goods_category` VALUES (168, 3, 164, '铜牌450W以上', 0, 0, '2020-03-26 18:46:28', 0, '2020-03-26 18:46:28', 0);
INSERT INTO `tb_hardware_mall_goods_category` VALUES (169, 2, 118, '鼠标', 0, 0, '2020-03-26 18:46:49', 0, '2020-03-26 18:46:49', 0);
INSERT INTO `tb_hardware_mall_goods_category` VALUES (170, 2, 118, '键盘', 0, 0, '2020-03-26 18:46:52', 0, '2020-03-26 18:46:52', 0);
INSERT INTO `tb_hardware_mall_goods_category` VALUES (171, 2, 118, '显示器', 0, 0, '2020-03-26 18:46:56', 0, '2020-03-26 18:46:56', 0);
INSERT INTO `tb_hardware_mall_goods_category` VALUES (172, 2, 118, '耳机', 0, 0, '2020-03-26 18:47:01', 0, '2020-03-26 18:47:01', 0);
INSERT INTO `tb_hardware_mall_goods_category` VALUES (173, 2, 118, 'U盘', 0, 0, '2020-03-26 18:47:06', 0, '2020-03-26 18:47:06', 0);
INSERT INTO `tb_hardware_mall_goods_category` VALUES (174, 3, 169, '游戏鼠标', 0, 0, '2020-03-26 18:47:20', 0, '2020-03-26 18:47:20', 0);
INSERT INTO `tb_hardware_mall_goods_category` VALUES (175, 3, 169, '商务鼠标', 0, 0, '2020-03-26 18:47:28', 0, '2020-03-26 18:47:28', 0);
INSERT INTO `tb_hardware_mall_goods_category` VALUES (176, 3, 170, '机械键盘', 0, 0, '2020-03-26 18:47:39', 0, '2020-03-26 18:47:39', 0);
INSERT INTO `tb_hardware_mall_goods_category` VALUES (177, 3, 170, '薄膜键盘', 0, 0, '2020-03-26 18:47:44', 0, '2020-03-26 18:47:44', 0);
INSERT INTO `tb_hardware_mall_goods_category` VALUES (178, 3, 171, '1080p显示器', 0, 0, '2020-03-26 18:47:56', 0, '2020-03-26 18:47:56', 0);
INSERT INTO `tb_hardware_mall_goods_category` VALUES (179, 3, 171, '2K显示器', 0, 0, '2020-03-26 18:48:03', 0, '2020-03-26 18:48:03', 0);
INSERT INTO `tb_hardware_mall_goods_category` VALUES (180, 3, 172, '头戴式', 0, 0, '2020-03-26 18:48:20', 0, '2020-03-26 18:48:20', 0);
INSERT INTO `tb_hardware_mall_goods_category` VALUES (181, 3, 172, '入耳式', 0, 0, '2020-03-26 18:48:24', 0, '2020-03-26 18:48:24', 0);
INSERT INTO `tb_hardware_mall_goods_category` VALUES (182, 3, 173, '金士顿U盘', 0, 0, '2020-03-26 18:48:35', 0, '2020-03-26 18:48:35', 0);

-- ----------------------------
-- Table structure for tb_hardware_mall_goods_info
-- ----------------------------
DROP TABLE IF EXISTS `tb_hardware_mall_goods_info`;
CREATE TABLE `tb_hardware_mall_goods_info`  (
  `goods_id` bigint(20) UNSIGNED NOT NULL AUTO_INCREMENT COMMENT '商品表主键id',
  `goods_name` varchar(200) CHARACTER SET utf8 COLLATE utf8_general_ci NOT NULL DEFAULT '' COMMENT '商品名',
  `goods_intro` varchar(200) CHARACTER SET utf8 COLLATE utf8_general_ci NOT NULL DEFAULT '' COMMENT '商品简介',
  `goods_category_id` bigint(20) NOT NULL DEFAULT 0 COMMENT '关联分类id',
  `goods_cover_img` varchar(200) CHARACTER SET utf8 COLLATE utf8_general_ci NOT NULL DEFAULT '/admin/dist/img/no-img.png' COMMENT '商品主图',
  `goods_carousel` varchar(500) CHARACTER SET utf8 COLLATE utf8_general_ci NOT NULL DEFAULT '/admin/dist/img/no-img.png' COMMENT '商品轮播图',
  `goods_detail_content` text CHARACTER SET utf8 COLLATE utf8_general_ci NOT NULL COMMENT '商品详情',
  `original_price` int(11) NOT NULL DEFAULT 1 COMMENT '商品价格',
  `selling_price` int(11) NOT NULL DEFAULT 1 COMMENT '商品实际售价',
  `stock_num` int(11) NOT NULL DEFAULT 0 COMMENT '商品库存数量',
  `tag` varchar(20) CHARACTER SET utf8 COLLATE utf8_general_ci NOT NULL DEFAULT '' COMMENT '商品标签',
  `goods_sell_status` tinyint(4) NOT NULL DEFAULT 0 COMMENT '商品上架状态 0-下架 1-上架',
  `create_user` int(11) NOT NULL DEFAULT 0 COMMENT '添加者主键id',
  `create_time` datetime(0) NOT NULL DEFAULT CURRENT_TIMESTAMP(0) COMMENT '商品添加时间',
  `update_user` int(11) NOT NULL DEFAULT 0 COMMENT '修改者主键id',
  `update_time` datetime(0) NOT NULL DEFAULT CURRENT_TIMESTAMP(0) COMMENT '商品修改时间',
  PRIMARY KEY (`goods_id`) USING BTREE
) ENGINE = InnoDB AUTO_INCREMENT = 10942 CHARACTER SET = utf8 COLLATE = utf8_general_ci ROW_FORMAT = Dynamic;

-- ----------------------------
-- Records of tb_hardware_mall_goods_info
-- ----------------------------
INSERT INTO `tb_hardware_mall_goods_info` VALUES (10897, '微星（MSI）魔龙 GeForce RTX 2080 Ti GAMING X TRIO 1755MHz 11GD6 旗舰寂冷电竞游戏显卡', '【选择魔龙，就不用有很多问号】信仰高频版，供电与散热增强，性能与寂冷同在！', 122, 'http://localhost:8080/upload/20200326_19173630.jpg', 'http://localhost:8080/upload/20200326_19173630.jpg', '<br />', 10888, 10888, 1000, '显卡', 0, 0, '2020-03-26 19:17:37', 0, '2020-03-26 20:52:59');
INSERT INTO `tb_hardware_mall_goods_info` VALUES (10898, '七彩虹（Colorful）战斧 GeForce GTX 1660 SUPER 6G 1785MHz/14Gbps GDDR6 台式电脑电竞游戏显卡', '小身材大能量,2x90mm大风扇鳍片散热,拒绝缩水,三年质保,高频率性价比之选!', 121, 'http://localhost:8080/upload/20200326_19224435.jpg', 'http://localhost:8080/upload/20200326_19224435.jpg', '<img src=\"http://localhost:8080/upload/七彩虹（Colorful）战斧 GeForce GTX 1660 SUPER 6G 1785MHz14Gbps GDDR6 台式电脑电竞游戏显卡/详情图/1.jpg\" /> <img src=\"http://localhost:8080/upload/七彩虹（Colorful）战斧 GeForce GTX 1660 SUPER 6G 1785MHz14Gbps GDDR6 台式电脑电竞游戏显卡/详情图/2.jpg\" /> <img src=\"http://localhost:8080/upload/七彩虹（Colorful）战斧 GeForce GTX 1660 SUPER 6G 1785MHz14Gbps GDDR6 台式电脑电竞游戏显卡/详情图/3.jpg\" /> <img src=\"http://localhost:8080/upload/七彩虹（Colorful）战斧 GeForce GTX 1660 SUPER 6G 1785MHz14Gbps GDDR6 台式电脑电竞游戏显卡/详情图/4.jpg\" /> <img src=\"http://localhost:8080/upload/七彩虹（Colorful）战斧 GeForce GTX 1660 SUPER 6G 1785MHz14Gbps GDDR6 台式电脑电竞游戏显卡/详情图/5.jpg\" /> <img src=\"http://localhost:8080/upload/七彩虹（Colorful）战斧 GeForce GTX 1660 SUPER 6G 1785MHz14Gbps GDDR6 台式电脑电竞游戏显卡/详情图/6.jpg\" /> <img src=\"http://localhost:8080/upload/七彩虹（Colorful）战斧 GeForce GTX 1660 SUPER 6G 1785MHz14Gbps GDDR6 台式电脑电竞游戏显卡/详情图/7.jpg\" /> <img src=\"http://localhost:8080/upload/七彩虹（Colorful）战斧 GeForce GTX 1660 SUPER 6G 1785MHz14Gbps GDDR6 台式电脑电竞游戏显卡/详情图/8.jpg\" /> <img src=\"http://localhost:8080/upload/七彩虹（Colorful）战斧 GeForce GTX 1660 SUPER 6G 1785MHz14Gbps GDDR6 台式电脑电竞游戏显卡/详情图/9.jpg\" /> <img src=\"http://localhost:8080/upload/七彩虹（Colorful）战斧 GeForce GTX 1660 SUPER 6G 1785MHz14Gbps GDDR6 台式电脑电竞游戏显卡/详情图/10.jpg\" /> <img src=\"http://localhost:8080/upload/七彩虹（Colorful）战斧 GeForce GTX 1660 SUPER 6G 1785MHz14Gbps GDDR6 台式电脑电竞游戏显卡/详情图/11.jpg\" /> <img src=\"http://localhost:8080/upload/七彩虹（Colorful）战斧 GeForce GTX 1660 SUPER 6G 1785MHz14Gbps GDDR6 台式电脑电竞游戏显卡/详情图/12.jpg\" /> <img src=\"http://localhost:8080/upload/七彩虹（Colorful）战斧 GeForce GTX 1660 SUPER 6G 1785MHz14Gbps GDDR6 台式电脑电竞游戏显卡/详情图/13.jpg\" /> <img src=\"http://localhost:8080/upload/七彩虹（Colorful）战斧 GeForce GTX 1660 SUPER 6G 1785MHz14Gbps GDDR6 台式电脑电竞游戏显卡/详情图/14.jpg\" /> <img src=\"http://localhost:8080/upload/七彩虹（Colorful）战斧 GeForce GTX 1660 SUPER 6G 1785MHz14Gbps GDDR6 台式电脑电竞游戏显卡/详情图/15.jpg\" /> <img src=\"http://localhost:8080/upload/七彩虹（Colorful）战斧 GeForce GTX 1660 SUPER 6G 1785MHz14Gbps GDDR6 台式电脑电竞游戏显卡/详情图/16.jpg\" /><img src=\"http://localhost:8080/upload/七彩虹（Colorful）战斧 GeForce GTX 1660 SUPER 6G 1785MHz14Gbps GDDR6 台式电脑电竞游戏显卡/详情图/17.jpg\" /><img src=\"http://localhost:8080/upload/七彩虹（Colorful）战斧 GeForce GTX 1660 SUPER 6G 1785MHz14Gbps GDDR6 台式电脑电竞游戏显卡/详情图/18.jpg\" /><img src=\"http://localhost:8080/upload/七彩虹（Colorful）战斧 GeForce GTX 1660 SUPER 6G 1785MHz14Gbps GDDR6 台式电脑电竞游戏显卡/详情图/19.jpg\" /><img src=\"http://localhost:8080/upload/七彩虹（Colorful）战斧 GeForce GTX 1660 SUPER 6G 1785MHz14Gbps GDDR6 台式电脑电竞游戏显卡/详情图/20.jpg\" /><img src=\"http://localhost:8080/upload/七彩虹（Colorful）战斧 GeForce GTX 1660 SUPER 6G 1785MHz14Gbps GDDR6 台式电脑电竞游戏显卡/详情图/21.jpg\" /><img src=\"http://localhost:8080/upload/七彩虹（Colorful）战斧 GeForce GTX 1660 SUPER 6G 1785MHz14Gbps GDDR6 台式电脑电竞游戏显卡/详情图/22.jpg\" /><img src=\"http://localhost:8080/upload/七彩虹（Colorful）战斧 GeForce GTX 1660 SUPER 6G 1785MHz14Gbps GDDR6 台式电脑电竞游戏显卡/详情图/23.jpg\" /><img src=\"http://localhost:8080/upload/七彩虹（Colorful）战斧 GeForce GTX 1660 SUPER 6G 1785MHz14Gbps GDDR6 台式电脑电竞游戏显卡/详情图/24.jpg\" />', 1699, 1699, 1000, '显卡', 0, 0, '2020-03-26 19:22:45', 0, '2020-03-31 01:38:17');
INSERT INTO `tb_hardware_mall_goods_info` VALUES (10899, '英伟达 NVIDIA RTX TITAN V 2080ti公版显卡GPU深度学习 Nvidia Titan Rtx', '【正品行货/三年质保/支持企业增值税专票】', 123, 'http://localhost:8080/upload/20200326_19262079.jpg', 'http://localhost:8080/upload/20200326_19262079.jpg', '<img src=\"http://localhost:8080/upload/英伟达 NVIDIA RTX TITAN V 2080ti公版显卡GPU深度学习 Nvidia Titan Rtx/详情图/1.jpg\" /> <img src=\"http://localhost:8080/upload/英伟达 NVIDIA RTX TITAN V 2080ti公版显卡GPU深度学习 Nvidia Titan Rtx/详情图/2.jpg\" /> <img src=\"http://localhost:8080/upload/英伟达 NVIDIA RTX TITAN V 2080ti公版显卡GPU深度学习 Nvidia Titan Rtx/详情图/3.jpg\" /> <img src=\"http://localhost:8080/upload/英伟达 NVIDIA RTX TITAN V 2080ti公版显卡GPU深度学习 Nvidia Titan Rtx/详情图/4.jpg\" /> <img src=\"http://localhost:8080/upload/英伟达 NVIDIA RTX TITAN V 2080ti公版显卡GPU深度学习 Nvidia Titan Rtx/详情图/5.jpg\" /> <img src=\"http://localhost:8080/upload/英伟达 NVIDIA RTX TITAN V 2080ti公版显卡GPU深度学习 Nvidia Titan Rtx/详情图/6.jpg\" />', 20889, 20889, 999, '显卡', 0, 0, '2020-03-26 19:26:21', 0, '2020-03-31 01:07:48');
INSERT INTO `tb_hardware_mall_goods_info` VALUES (10900, '蓝宝石（Sapphire）RX580 RX590GME极光版吃鸡游戏独立显卡加电源套餐 RX590GME 8G极光版', '支持7天无理由退货', 124, 'http://localhost:8080/upload/20200326_1929329.jpg', 'http://localhost:8080/upload/20200326_1929329.jpg', '<img src=\"http://localhost:8080/upload/蓝宝石（Sapphire）RX580 RX590GME极光版吃鸡游戏独立显卡加电源套餐 RX590GME 8G极光版/详情图/1.jpg\" /> <img src=\"http://localhost:8080/upload/蓝宝石（Sapphire）RX580 RX590GME极光版吃鸡游戏独立显卡加电源套餐 RX590GME 8G极光版/详情图/2.jpg\" /> <img src=\"http://localhost:8080/upload/蓝宝石（Sapphire）RX580 RX590GME极光版吃鸡游戏独立显卡加电源套餐 RX590GME 8G极光版/详情图/3.jpg\" /> <img src=\"http://localhost:8080/upload/蓝宝石（Sapphire）RX580 RX590GME极光版吃鸡游戏独立显卡加电源套餐 RX590GME 8G极光版/详情图/4.jpg\" /> <img src=\"http://localhost:8080/upload/蓝宝石（Sapphire）RX580 RX590GME极光版吃鸡游戏独立显卡加电源套餐 RX590GME 8G极光版/详情图/5.jpg\" /> <img src=\"http://localhost:8080/upload/蓝宝石（Sapphire）RX580 RX590GME极光版吃鸡游戏独立显卡加电源套餐 RX590GME 8G极光版/详情图/6.jpg\" /> <img src=\"http://localhost:8080/upload/蓝宝石（Sapphire）RX580 RX590GME极光版吃鸡游戏独立显卡加电源套餐 RX590GME 8G极光版/详情图/7.jpg\" /> <img src=\"http://localhost:8080/upload/蓝宝石（Sapphire）RX580 RX590GME极光版吃鸡游戏独立显卡加电源套餐 RX590GME 8G极光版/详情图/8.jpg\" /> <img src=\"http://localhost:8080/upload/蓝宝石（Sapphire）RX580 RX590GME极光版吃鸡游戏独立显卡加电源套餐 RX590GME 8G极光版/详情图/9.jpg\" /> <img src=\"http://localhost:8080/upload/蓝宝石（Sapphire）RX580 RX590GME极光版吃鸡游戏独立显卡加电源套餐 RX590GME 8G极光版/详情图/10.jpg\" /> <img src=\"http://localhost:8080/upload/蓝宝石（Sapphire）RX580 RX590GME极光版吃鸡游戏独立显卡加电源套餐 RX590GME 8G极光版/详情图/11.jpg\" /> <img src=\"http://localhost:8080/upload/蓝宝石（Sapphire）RX580 RX590GME极光版吃鸡游戏独立显卡加电源套餐 RX590GME 8G极光版/详情图/12.jpg\" /> <img src=\"http://localhost:8080/upload/蓝宝石（Sapphire）RX580 RX590GME极光版吃鸡游戏独立显卡加电源套餐 RX590GME 8G极光版/详情图/13.jpg\" /> <img src=\"http://localhost:8080/upload/蓝宝石（Sapphire）RX580 RX590GME极光版吃鸡游戏独立显卡加电源套餐 RX590GME 8G极光版/详情图/14.jpg\" /> <img src=\"http://localhost:8080/upload/蓝宝石（Sapphire）RX580 RX590GME极光版吃鸡游戏独立显卡加电源套餐 RX590GME 8G极光版/详情图/15.jpg\" /> <img src=\"http://localhost:8080/upload/蓝宝石（Sapphire）RX580 RX590GME极光版吃鸡游戏独立显卡加电源套餐 RX590GME 8G极光版/详情图/16.jpg\" /><img src=\"http://localhost:8080/upload/蓝宝石（Sapphire）RX580 RX590GME极光版吃鸡游戏独立显卡加电源套餐 RX590GME 8G极光版/详情图/17.jpg\" /><img src=\"http://localhost:8080/upload/蓝宝石（Sapphire）RX580 RX590GME极光版吃鸡游戏独立显卡加电源套餐 RX590GME 8G极光版/详情图/18.jpg\" /><img src=\"http://localhost:8080/upload/蓝宝石（Sapphire）RX580 RX590GME极光版吃鸡游戏独立显卡加电源套餐 RX590GME 8G极光版/详情图/19.jpg\" /><img src=\"http://localhost:8080/upload/蓝宝石（Sapphire）RX580 RX590GME极光版吃鸡游戏独立显卡加电源套餐 RX590GME 8G极光版/详情图/20.jpg\" />', 1289, 1289, 1000, '支持7天无理由退货', 0, 0, '2020-03-26 19:29:35', 0, '2020-03-31 01:33:26');
INSERT INTO `tb_hardware_mall_goods_info` VALUES (10901, '英特尔（Intel）i9-9900K 酷睿八核 盒装CPU处理器', '【爆款打造，英特尔X系列现推出超级特惠套装，满足你的高性能需求！快来抢购吧~】', 127, 'http://localhost:8080/upload/20200326_19304915.jpg', 'http://localhost:8080/upload/20200326_19304915.jpg', '<img src=\"http://localhost:8080/upload/英特尔（Intel）i9-9900K 酷睿八核 盒装CPU处理器/详情图/2.jpg\" /> <img src=\"http://localhost:8080/upload/英特尔（Intel）i9-9900K 酷睿八核 盒装CPU处理器/详情图/3.jpg\" /> <img src=\"http://localhost:8080/upload/英特尔（Intel）i9-9900K 酷睿八核 盒装CPU处理器/详情图/4.jpg\" /> <img src=\"http://localhost:8080/upload/英特尔（Intel）i9-9900K 酷睿八核 盒装CPU处理器/详情图/5.jpg\" /> <img src=\"http://localhost:8080/upload/英特尔（Intel）i9-9900K 酷睿八核 盒装CPU处理器/详情图/6.jpg\" /> <img src=\"http://localhost:8080/upload/英特尔（Intel）i9-9900K 酷睿八核 盒装CPU处理器/详情图/7.jpg\" />', 3799, 3799, 998, '酷睿i9', 0, 0, '2020-03-26 19:30:50', 0, '2020-03-31 01:44:07');
INSERT INTO `tb_hardware_mall_goods_info` VALUES (10902, '华硕（ASUS）PRIME Z390-A 主板 大师系列 支持CPU 9600K/9700K/9900K（Intel Z390/LGA 1151）', '【扫码注册，一年换新，省事安心】 【Z390-A+9700K套装晒单返200E卡】', 136, 'http://localhost:8080/upload/20200326_19343681.jpg', 'http://localhost:8080/upload/20200326_19343681.jpg', '<img src=\"http://localhost:8080/upload/华硕（ASUS）PRIME Z390-A 主板 大师系列 支持CPU 9600K9700K9900K（Intel Z390LGA 1151）/详情图/1.jpg\" /> <img src=\"http://localhost:8080/upload/华硕（ASUS）PRIME Z390-A 主板 大师系列 支持CPU 9600K9700K9900K（Intel Z390LGA 1151）/详情图/2.jpg\" /> <img src=\"http://localhost:8080/upload/华硕（ASUS）PRIME Z390-A 主板 大师系列 支持CPU 9600K9700K9900K（Intel Z390LGA 1151）/详情图/3.jpg\" /> <img src=\"http://localhost:8080/upload/华硕（ASUS）PRIME Z390-A 主板 大师系列 支持CPU 9600K9700K9900K（Intel Z390LGA 1151）/详情图/4.jpg\" /> <img src=\"http://localhost:8080/upload/华硕（ASUS）PRIME Z390-A 主板 大师系列 支持CPU 9600K9700K9900K（Intel Z390LGA 1151）/详情图/5.jpg\" /> <img src=\"http://localhost:8080/upload/华硕（ASUS）PRIME Z390-A 主板 大师系列 支持CPU 9600K9700K9900K（Intel Z390LGA 1151）/详情图/6.jpg\" /> <img src=\"http://localhost:8080/upload/华硕（ASUS）PRIME Z390-A 主板 大师系列 支持CPU 9600K9700K9900K（Intel Z390LGA 1151）/详情图/7.jpg\" /> <img src=\"http://localhost:8080/upload/华硕（ASUS）PRIME Z390-A 主板 大师系列 支持CPU 9600K9700K9900K（Intel Z390LGA 1151）/详情图/8.jpg\" /> <img src=\"http://localhost:8080/upload/华硕（ASUS）PRIME Z390-A 主板 大师系列 支持CPU 9600K9700K9900K（Intel Z390LGA 1151）/详情图/9.jpg\" /> <img src=\"http://localhost:8080/upload/华硕（ASUS）PRIME Z390-A 主板 大师系列 支持CPU 9600K9700K9900K（Intel Z390LGA 1151）/详情图/10.jpg\" /> <img src=\"http://localhost:8080/upload/华硕（ASUS）PRIME Z390-A 主板 大师系列 支持CPU 9600K9700K9900K（Intel Z390LGA 1151）/详情图/11.jpg\" /> <img src=\"http://localhost:8080/upload/华硕（ASUS）PRIME Z390-A 主板 大师系列 支持CPU 9600K9700K9900K（Intel Z390LGA 1151）/详情图/12.jpg\" /> <img src=\"http://localhost:8080/upload/华硕（ASUS）PRIME Z390-A 主板 大师系列 支持CPU 9600K9700K9900K（Intel Z390LGA 1151）/详情图/13.jpg\" /> <img src=\"http://localhost:8080/upload/华硕（ASUS）PRIME Z390-A 主板 大师系列 支持CPU 9600K9700K9900K（Intel Z390LGA 1151）/详情图/14.jpg\" /> <img src=\"http://localhost:8080/upload/华硕（ASUS）PRIME Z390-A 主板 大师系列 支持CPU 9600K9700K9900K（Intel Z390LGA 1151）/详情图/15.jpg\" /> <img src=\"http://localhost:8080/upload/华硕（ASUS）PRIME Z390-A 主板 大师系列 支持CPU 9600K9700K9900K（Intel Z390LGA 1151）/详情图/16.jpg\" /><img src=\"http://localhost:8080/upload/华硕（ASUS）PRIME Z390-A 主板 大师系列 支持CPU 9600K9700K9900K（Intel Z390LGA 1151）/详情图/17.jpg\" /><img src=\"http://localhost:8080/upload/华硕（ASUS）PRIME Z390-A 主板 大师系列 支持CPU 9600K9700K9900K（Intel Z390LGA 1151）/详情图/18.jpg\" /><img src=\"http://localhost:8080/upload/华硕（ASUS）PRIME Z390-A 主板 大师系列 支持CPU 9600K9700K9900K（Intel Z390LGA 1151）/详情图/19.jpg\" /><img src=\"http://localhost:8080/upload/华硕（ASUS）PRIME Z390-A 主板 大师系列 支持CPU 9600K9700K9900K（Intel Z390LGA 1151）/详情图/20.jpg\" /><img src=\"http://localhost:8080/upload/华硕（ASUS）PRIME Z390-A 主板 大师系列 支持CPU 9600K9700K9900K（Intel Z390LGA 1151）/详情图/21.jpg\" /><img src=\"http://localhost:8080/upload/华硕（ASUS）PRIME Z390-A 主板 大师系列 支持CPU 9600K9700K9900K（Intel Z390LGA 1151）/详情图/22.jpg\" /><img src=\"http://localhost:8080/upload/华硕（ASUS）PRIME Z390-A 主板 大师系列 支持CPU 9600K9700K9900K（Intel Z390LGA 1151）/详情图/23.jpg\" /><img src=\"http://localhost:8080/upload/华硕（ASUS）PRIME Z390-A 主板 大师系列 支持CPU 9600K9700K9900K（Intel Z390LGA 1151）/详情图/24.jpg\" />', 1699, 1699, 1000, '英特尔主板', 0, 0, '2020-03-26 19:34:37', 0, '2020-03-31 01:01:09');
INSERT INTO `tb_hardware_mall_goods_info` VALUES (10903, '英特尔（Intel）i7-9700K 酷睿八核 盒装CPU处理器', '【爆款打造，英特尔X系列现推出超级特惠套装，满足你的高性能需求！快来抢购吧~】', 128, 'http://localhost:8080/upload/20200326_19363012.jpg', 'http://localhost:8080/upload/20200326_19363012.jpg', '<img src=\"http://localhost:8080/upload/英特尔（Intel）i7-9700K 酷睿八核 盒装CPU处理器/详情图/2.jpg\" /> <img src=\"http://localhost:8080/upload/英特尔（Intel）i7-9700K 酷睿八核 盒装CPU处理器/详情图/3.jpg\" /> <img src=\"http://localhost:8080/upload/英特尔（Intel）i7-9700K 酷睿八核 盒装CPU处理器/详情图/4.jpg\" /> <img src=\"http://localhost:8080/upload/英特尔（Intel）i7-9700K 酷睿八核 盒装CPU处理器/详情图/5.jpg\" /> <img src=\"http://localhost:8080/upload/英特尔（Intel）i7-9700K 酷睿八核 盒装CPU处理器/详情图/6.jpg\" /> <img src=\"http://localhost:8080/upload/英特尔（Intel）i7-9700K 酷睿八核 盒装CPU处理器/详情图/7.jpg\" />', 2999, 2999, 1000, '支持7天无理由退货(拆封后不支持)', 0, 0, '2020-03-26 19:36:31', 0, '2020-03-31 01:45:31');
INSERT INTO `tb_hardware_mall_goods_info` VALUES (10904, '英特尔（Intel）i5-9600KF 酷睿六核 盒装CPU处理器', '【爆款打造，英特尔X系列现推出超级特惠套装，满足你的高性能需求！快来抢购吧~】', 129, 'http://localhost:8080/upload/20200326_19390466.jpg', 'http://localhost:8080/upload/20200326_19390466.jpg', '<img src=\"http://localhost:8080/upload/英特尔（Intel）i5-9600KF 酷睿六核 盒装CPU处理器/详情图/2.jpg\" /> <img src=\"http://localhost:8080/upload/英特尔（Intel）i5-9600KF 酷睿六核 盒装CPU处理器/详情图/3.jpg\" /> <img src=\"http://localhost:8080/upload/英特尔（Intel）i5-9600KF 酷睿六核 盒装CPU处理器/详情图/4.jpg\" /> <img src=\"http://localhost:8080/upload/英特尔（Intel）i5-9600KF 酷睿六核 盒装CPU处理器/详情图/5.jpg\" /> <img src=\"http://localhost:8080/upload/英特尔（Intel）i5-9600KF 酷睿六核 盒装CPU处理器/详情图/6.jpg\" />', 1349, 1349, 1000, '支持7天无理由退货', 0, 0, '2020-03-26 19:39:05', 0, '2020-03-31 01:47:38');
INSERT INTO `tb_hardware_mall_goods_info` VALUES (10905, '英特尔（Intel） i3-9100 酷睿四核 盒装CPU处理器', '【爆款打造，英特尔X系列现推出超级特惠套装，满足你的高性能需求！快来抢购吧~】', 130, 'http://localhost:8080/upload/20200326_19410276.jpg', 'http://localhost:8080/upload/20200326_19410276.jpg', '<img src=\"http://localhost:8080/upload/英特尔（Intel） i3-9100 酷睿四核 盒装CPU处理器/详情图/2.jpg\" /> <img src=\"http://localhost:8080/upload/英特尔（Intel） i3-9100 酷睿四核 盒装CPU处理器/详情图/3.jpg\" /> <img src=\"http://localhost:8080/upload/英特尔（Intel） i3-9100 酷睿四核 盒装CPU处理器/详情图/4.jpg\" /> <img src=\"http://localhost:8080/upload/英特尔（Intel） i3-9100 酷睿四核 盒装CPU处理器/详情图/5.jpg\" />', 969, 969, 1000, '支持7天无理由退货', 0, 0, '2020-03-26 19:41:03', 0, '2020-03-31 01:47:19');
INSERT INTO `tb_hardware_mall_goods_info` VALUES (10906, '英特尔（Intel） 至强Xeon W-3175X 28核 盒装CPU处理器', '【爆款打造，英特尔X系列现推出超级特惠套装，满足你的高性能需求！快来抢购吧~】', 131, 'http://localhost:8080/upload/20200326_19422141.jpg', 'http://localhost:8080/upload/20200326_19422141.jpg', '<img src=\"http://localhost:8080/upload/英特尔（Intel） 至强Xeon W-3175X 28核 盒装CPU处理器/详情图/2.jpg\" /> <img src=\"http://localhost:8080/upload/英特尔（Intel） 至强Xeon W-3175X 28核 盒装CPU处理器/详情图/3.jpg\" /> <img src=\"http://localhost:8080/upload/英特尔（Intel） 至强Xeon W-3175X 28核 盒装CPU处理器/详情图/4.jpg\" /> <img src=\"http://localhost:8080/upload/英特尔（Intel） 至强Xeon W-3175X 28核 盒装CPU处理器/详情图/5.jpg\" />', 26999, 26999, 1000, '支持7天无理由退货', 0, 0, '2020-03-26 19:42:21', 0, '2020-03-31 01:46:54');
INSERT INTO `tb_hardware_mall_goods_info` VALUES (10907, 'AMD 锐龙5 3600X 处理器 (r5)7nm 6核12线程 3.8GHz 95W AM4接口 盒装CPU', '【下单享3期免息】品质优选，称芯如意', 132, 'http://localhost:8080/upload/20200326_19444788.jpg', 'http://localhost:8080/upload/20200326_19444788.jpg', '<img src=\"http://localhost:8080/upload/AMD 锐龙5 3600X 处理器 (r5)7nm 6核12线程 3.8GHz 95W AM4接口 盒装CPU/详情图/1.jpg\" /> <img src=\"http://localhost:8080/upload/AMD 锐龙5 3600X 处理器 (r5)7nm 6核12线程 3.8GHz 95W AM4接口 盒装CPU/详情图/2.jpg\" /> <img src=\"http://localhost:8080/upload/AMD 锐龙5 3600X 处理器 (r5)7nm 6核12线程 3.8GHz 95W AM4接口 盒装CPU/详情图/3.jpg\" /> <img src=\"http://localhost:8080/upload/AMD 锐龙5 3600X 处理器 (r5)7nm 6核12线程 3.8GHz 95W AM4接口 盒装CPU/详情图/4.jpg\" /> <img src=\"http://localhost:8080/upload/AMD 锐龙5 3600X 处理器 (r5)7nm 6核12线程 3.8GHz 95W AM4接口 盒装CPU/详情图/5.jpg\" /> <img src=\"http://localhost:8080/upload/AMD 锐龙5 3600X 处理器 (r5)7nm 6核12线程 3.8GHz 95W AM4接口 盒装CPU/详情图/6.jpg\" /> <img src=\"http://localhost:8080/upload/AMD 锐龙5 3600X 处理器 (r5)7nm 6核12线程 3.8GHz 95W AM4接口 盒装CPU/详情图/7.jpg\" /> <img src=\"http://localhost:8080/upload/AMD 锐龙5 3600X 处理器 (r5)7nm 6核12线程 3.8GHz 95W AM4接口 盒装CPU/详情图/8.jpg\" /> <img src=\"http://localhost:8080/upload/AMD 锐龙5 3600X 处理器 (r5)7nm 6核12线程 3.8GHz 95W AM4接口 盒装CPU/详情图/9.jpg\" /> <img src=\"http://localhost:8080/upload/AMD 锐龙5 3600X 处理器 (r5)7nm 6核12线程 3.8GHz 95W AM4接口 盒装CPU/详情图/10.jpg\" /> <img src=\"http://localhost:8080/upload/AMD 锐龙5 3600X 处理器 (r5)7nm 6核12线程 3.8GHz 95W AM4接口 盒装CPU/详情图/11.jpg\" /> <img src=\"http://localhost:8080/upload/AMD 锐龙5 3600X 处理器 (r5)7nm 6核12线程 3.8GHz 95W AM4接口 盒装CPU/详情图/12.jpg\" /> <img src=\"http://localhost:8080/upload/AMD 锐龙5 3600X 处理器 (r5)7nm 6核12线程 3.8GHz 95W AM4接口 盒装CPU/详情图/13.jpg\" /> <img src=\"http://localhost:8080/upload/AMD 锐龙5 3600X 处理器 (r5)7nm 6核12线程 3.8GHz 95W AM4接口 盒装CPU/详情图/14.jpg\" /> <img src=\"http://localhost:8080/upload/AMD 锐龙5 3600X 处理器 (r5)7nm 6核12线程 3.8GHz 95W AM4接口 盒装CPU/详情图/15.jpg\" /> <img src=\"http://localhost:8080/upload/AMD 锐龙5 3600X 处理器 (r5)7nm 6核12线程 3.8GHz 95W AM4接口 盒装CPU/详情图/16.jpg\" /><img src=\"http://localhost:8080/upload/AMD 锐龙5 3600X 处理器 (r5)7nm 6核12线程 3.8GHz 95W AM4接口 盒装CPU/详情图/17.jpg\" /><img src=\"http://localhost:8080/upload/AMD 锐龙5 3600X 处理器 (r5)7nm 6核12线程 3.8GHz 95W AM4接口 盒装CPU/详情图/18.jpg\" /><img src=\"http://localhost:8080/upload/AMD 锐龙5 3600X 处理器 (r5)7nm 6核12线程 3.8GHz 95W AM4接口 盒装CPU/详情图/19.jpg\" />', 1549, 1549, 1000, '支持7天无理由退货(拆封后不支持)', 0, 0, '2020-03-26 19:44:48', 0, '2020-03-31 00:51:29');
INSERT INTO `tb_hardware_mall_goods_info` VALUES (10908, 'AMD 锐龙Threadripper(线程撕裂者) 3990X处理器7nm64核128线程2.9GHz 280W sTRX4接口CPU100-100000163WOZ', '【参与视频挑战赛，赢千元E卡】2020开启我的“芯”生活', 133, 'http://localhost:8080/upload/20200326_19461664.jpg', 'http://localhost:8080/upload/20200326_19461664.jpg', '<img src=\"http://localhost:8080/upload/AMD 锐龙Threadripper(线程撕裂者) 3990X处理器7nm64核128线程2.9GHz 280W sTRX4接口CPU100-100000163WOZ/详情图/1.jpg\" /> <img src=\"http://localhost:8080/upload/AMD 锐龙Threadripper(线程撕裂者) 3990X处理器7nm64核128线程2.9GHz 280W sTRX4接口CPU100-100000163WOZ/详情图/2.jpg\" /> <img src=\"http://localhost:8080/upload/AMD 锐龙Threadripper(线程撕裂者) 3990X处理器7nm64核128线程2.9GHz 280W sTRX4接口CPU100-100000163WOZ/详情图/3.jpg\" /> <img src=\"http://localhost:8080/upload/AMD 锐龙Threadripper(线程撕裂者) 3990X处理器7nm64核128线程2.9GHz 280W sTRX4接口CPU100-100000163WOZ/详情图/4.jpg\" /> <img src=\"http://localhost:8080/upload/AMD 锐龙Threadripper(线程撕裂者) 3990X处理器7nm64核128线程2.9GHz 280W sTRX4接口CPU100-100000163WOZ/详情图/5.jpg\" /> <img src=\"http://localhost:8080/upload/AMD 锐龙Threadripper(线程撕裂者) 3990X处理器7nm64核128线程2.9GHz 280W sTRX4接口CPU100-100000163WOZ/详情图/6.jpg\" /> <img src=\"http://localhost:8080/upload/AMD 锐龙Threadripper(线程撕裂者) 3990X处理器7nm64核128线程2.9GHz 280W sTRX4接口CPU100-100000163WOZ/详情图/7.jpg\" /> <img src=\"http://localhost:8080/upload/AMD 锐龙Threadripper(线程撕裂者) 3990X处理器7nm64核128线程2.9GHz 280W sTRX4接口CPU100-100000163WOZ/详情图/8.jpg\" /> <img src=\"http://localhost:8080/upload/AMD 锐龙Threadripper(线程撕裂者) 3990X处理器7nm64核128线程2.9GHz 280W sTRX4接口CPU100-100000163WOZ/详情图/9.jpg\" /> <img src=\"http://localhost:8080/upload/AMD 锐龙Threadripper(线程撕裂者) 3990X处理器7nm64核128线程2.9GHz 280W sTRX4接口CPU100-100000163WOZ/详情图/10.jpg\" /> <img src=\"http://localhost:8080/upload/AMD 锐龙Threadripper(线程撕裂者) 3990X处理器7nm64核128线程2.9GHz 280W sTRX4接口CPU100-100000163WOZ/详情图/11.jpg\" /> <img src=\"http://localhost:8080/upload/AMD 锐龙Threadripper(线程撕裂者) 3990X处理器7nm64核128线程2.9GHz 280W sTRX4接口CPU100-100000163WOZ/详情图/12.jpg\" /> <img src=\"http://localhost:8080/upload/AMD 锐龙Threadripper(线程撕裂者) 3990X处理器7nm64核128线程2.9GHz 280W sTRX4接口CPU100-100000163WOZ/详情图/13.jpg\" /> <img src=\"http://localhost:8080/upload/AMD 锐龙Threadripper(线程撕裂者) 3990X处理器7nm64核128线程2.9GHz 280W sTRX4接口CPU100-100000163WOZ/详情图/14.jpg\" /> <img src=\"http://localhost:8080/upload/AMD 锐龙Threadripper(线程撕裂者) 3990X处理器7nm64核128线程2.9GHz 280W sTRX4接口CPU100-100000163WOZ/详情图/15.jpg\" /> <img src=\"http://localhost:8080/upload/AMD 锐龙Threadripper(线程撕裂者) 3990X处理器7nm64核128线程2.9GHz 280W sTRX4接口CPU100-100000163WOZ/详情图/16.jpg\" /><img src=\"http://localhost:8080/upload/AMD 锐龙Threadripper(线程撕裂者) 3990X处理器7nm64核128线程2.9GHz 280W sTRX4接口CPU100-100000163WOZ/详情图/17.jpg\" /><img src=\"http://localhost:8080/upload/AMD 锐龙Threadripper(线程撕裂者) 3990X处理器7nm64核128线程2.9GHz 280W sTRX4接口CPU100-100000163WOZ/详情图/18.jpg\" /><img src=\"http://localhost:8080/upload/AMD 锐龙Threadripper(线程撕裂者) 3990X处理器7nm64核128线程2.9GHz 280W sTRX4接口CPU100-100000163WOZ/详情图/19.jpg\" /><img src=\"http://localhost:8080/upload/AMD 锐龙Threadripper(线程撕裂者) 3990X处理器7nm64核128线程2.9GHz 280W sTRX4接口CPU100-100000163WOZ/详情图/20.jpg\" /><img src=\"http://localhost:8080/upload/AMD 锐龙Threadripper(线程撕裂者) 3990X处理器7nm64核128线程2.9GHz 280W sTRX4接口CPU100-100000163WOZ/详情图/21.jpg\" /><img src=\"http://localhost:8080/upload/AMD 锐龙Threadripper(线程撕裂者) 3990X处理器7nm64核128线程2.9GHz 280W sTRX4接口CPU100-100000163WOZ/详情图/22.jpg\" /><img src=\"http://localhost:8080/upload/AMD 锐龙Threadripper(线程撕裂者) 3990X处理器7nm64核128线程2.9GHz 280W sTRX4接口CPU100-100000163WOZ/详情图/23.jpg\" /><img src=\"http://localhost:8080/upload/AMD 锐龙Threadripper(线程撕裂者) 3990X处理器7nm64核128线程2.9GHz 280W sTRX4接口CPU100-100000163WOZ/详情图/24.jpg\" />', 29999, 29999, 1000, '支持7天无理由退货(拆封后不支持)', 0, 0, '2020-03-26 19:46:17', 0, '2020-03-31 00:53:11');
INSERT INTO `tb_hardware_mall_goods_info` VALUES (10909, '华擎（ASRock）H310CM-ITX/ac主板（Intel H310/LGA 1151）', '极具性价比小板,支持第九代与第八代Intel酷睿处理器', 137, 'http://localhost:8080/upload/20200326_19480868.jpg', 'http://localhost:8080/upload/20200326_19480868.jpg', '<img src=\"http://localhost:8080/upload/华擎（ASRock）H310CM-ITXac主板（Intel H310LGA 1151）/详情图/1.jpg\" /> <img src=\"http://localhost:8080/upload/华擎（ASRock）H310CM-ITXac主板（Intel H310LGA 1151）/详情图/2.jpg\" /> <img src=\"http://localhost:8080/upload/华擎（ASRock）H310CM-ITXac主板（Intel H310LGA 1151）/详情图/3.jpg\" /> <img src=\"http://localhost:8080/upload/华擎（ASRock）H310CM-ITXac主板（Intel H310LGA 1151）/详情图/4.jpg\" /> <img src=\"http://localhost:8080/upload/华擎（ASRock）H310CM-ITXac主板（Intel H310LGA 1151）/详情图/5.jpg\" /> <img src=\"http://localhost:8080/upload/华擎（ASRock）H310CM-ITXac主板（Intel H310LGA 1151）/详情图/6.jpg\" /> <img src=\"http://localhost:8080/upload/华擎（ASRock）H310CM-ITXac主板（Intel H310LGA 1151）/详情图/7.jpg\" /> <img src=\"http://localhost:8080/upload/华擎（ASRock）H310CM-ITXac主板（Intel H310LGA 1151）/详情图/8.jpg\" /> <img src=\"http://localhost:8080/upload/华擎（ASRock）H310CM-ITXac主板（Intel H310LGA 1151）/详情图/9.jpg\" /> <img src=\"http://localhost:8080/upload/华擎（ASRock）H310CM-ITXac主板（Intel H310LGA 1151）/详情图/10.jpg\" /> <img src=\"http://localhost:8080/upload/华擎（ASRock）H310CM-ITXac主板（Intel H310LGA 1151）/详情图/11.jpg\" /> <img src=\"http://localhost:8080/upload/华擎（ASRock）H310CM-ITXac主板（Intel H310LGA 1151）/详情图/12.jpg\" /> <img src=\"http://localhost:8080/upload/华擎（ASRock）H310CM-ITXac主板（Intel H310LGA 1151）/详情图/13.jpg\" /> <img src=\"http://localhost:8080/upload/华擎（ASRock）H310CM-ITXac主板（Intel H310LGA 1151）/详情图/14.jpg\" /> <img src=\"http://localhost:8080/upload/华擎（ASRock）H310CM-ITXac主板（Intel H310LGA 1151）/详情图/15.jpg\" /> <img src=\"http://localhost:8080/upload/华擎（ASRock）H310CM-ITXac主板（Intel H310LGA 1151）/详情图/16.jpg\" /><img src=\"http://localhost:8080/upload/华擎（ASRock）H310CM-ITXac主板（Intel H310LGA 1151）/详情图/17.jpg\" /><img src=\"http://localhost:8080/upload/华擎（ASRock）H310CM-ITXac主板（Intel H310LGA 1151）/详情图/18.jpg\" />', 699, 699, 1000, '支持7天无理由退货', 0, 0, '2020-03-26 19:48:09', 0, '2020-03-31 00:58:50');
INSERT INTO `tb_hardware_mall_goods_info` VALUES (10910, '微星（MSI）B450M MORTAR MAX迫击炮 电竞电脑主板 支持3700X/3600X/3600/2600 CPU（AMD B450/Socket AM4）', '【关注店铺享粉丝价】【限时享主板180天质保换新,售后无忧】', 138, 'http://localhost:8080/upload/20200326_19515777.jpg', 'http://localhost:8080/upload/20200326_19515777.jpg', '<img src=\"http://localhost:8080/upload/微星（MSI）B450M MORTAR MAX迫击炮 电竞电脑主板 支持3700X3600X36002600 CPU（AMD B450Socket AM4）/详情图/1.jpg\" /> <img src=\"http://localhost:8080/upload/微星（MSI）B450M MORTAR MAX迫击炮 电竞电脑主板 支持3700X3600X36002600 CPU（AMD B450Socket AM4）/详情图/2.jpg\" /> <img src=\"http://localhost:8080/upload/微星（MSI）B450M MORTAR MAX迫击炮 电竞电脑主板 支持3700X3600X36002600 CPU（AMD B450Socket AM4）/详情图/3.jpg\" /> <img src=\"http://localhost:8080/upload/微星（MSI）B450M MORTAR MAX迫击炮 电竞电脑主板 支持3700X3600X36002600 CPU（AMD B450Socket AM4）/详情图/4.jpg\" /> <img src=\"http://localhost:8080/upload/微星（MSI）B450M MORTAR MAX迫击炮 电竞电脑主板 支持3700X3600X36002600 CPU（AMD B450Socket AM4）/详情图/5.jpg\" /> <img src=\"http://localhost:8080/upload/微星（MSI）B450M MORTAR MAX迫击炮 电竞电脑主板 支持3700X3600X36002600 CPU（AMD B450Socket AM4）/详情图/6.jpg\" /> <img src=\"http://localhost:8080/upload/微星（MSI）B450M MORTAR MAX迫击炮 电竞电脑主板 支持3700X3600X36002600 CPU（AMD B450Socket AM4）/详情图/7.jpg\" /> <img src=\"http://localhost:8080/upload/微星（MSI）B450M MORTAR MAX迫击炮 电竞电脑主板 支持3700X3600X36002600 CPU（AMD B450Socket AM4）/详情图/8.jpg\" /> <img src=\"http://localhost:8080/upload/微星（MSI）B450M MORTAR MAX迫击炮 电竞电脑主板 支持3700X3600X36002600 CPU（AMD B450Socket AM4）/详情图/9.jpg\" /> <img src=\"http://localhost:8080/upload/微星（MSI）B450M MORTAR MAX迫击炮 电竞电脑主板 支持3700X3600X36002600 CPU（AMD B450Socket AM4）/详情图/10.jpg\" /> <img src=\"http://localhost:8080/upload/微星（MSI）B450M MORTAR MAX迫击炮 电竞电脑主板 支持3700X3600X36002600 CPU（AMD B450Socket AM4）/详情图/11.jpg\" /> <img src=\"http://localhost:8080/upload/微星（MSI）B450M MORTAR MAX迫击炮 电竞电脑主板 支持3700X3600X36002600 CPU（AMD B450Socket AM4）/详情图/12.jpg\" /> <img src=\"http://localhost:8080/upload/微星（MSI）B450M MORTAR MAX迫击炮 电竞电脑主板 支持3700X3600X36002600 CPU（AMD B450Socket AM4）/详情图/13.jpg\" /> <img src=\"http://localhost:8080/upload/微星（MSI）B450M MORTAR MAX迫击炮 电竞电脑主板 支持3700X3600X36002600 CPU（AMD B450Socket AM4）/详情图/14.jpg\" /> <img src=\"http://localhost:8080/upload/微星（MSI）B450M MORTAR MAX迫击炮 电竞电脑主板 支持3700X3600X36002600 CPU（AMD B450Socket AM4）/详情图/15.jpg\" /> <img src=\"http://localhost:8080/upload/微星（MSI）B450M MORTAR MAX迫击炮 电竞电脑主板 支持3700X3600X36002600 CPU（AMD B450Socket AM4）/详情图/16.jpg\" />', 739, 739, 1000, '支持7天无理由退货', 0, 0, '2020-03-26 19:52:00', 0, '2020-03-31 00:20:57');
INSERT INTO `tb_hardware_mall_goods_info` VALUES (10911, '玩家国度（ROG）STRIX X570-I GAMING 主板 迷你板载WIFI主板 支持 CPU 3800X/3700X (AMD X570/socket AM4)', '【下单即送全汉MS600铜牌SFX小电源，数量有限，送完即止】 【扫码注册，一年换新，省事安心】', 139, 'http://localhost:8080/upload/20200326_1952472.jpg', 'http://localhost:8080/upload/20200326_1952472.jpg', '<img src=\"http://localhost:8080/upload/玩家国度（ROG）STRIX X570-I GAMING 主板 迷你板载WIFI主板 支持 CPU 3800X3700X (AMD X570socket AM4)/详情图/1.jpg\" /> <img src=\"http://localhost:8080/upload/玩家国度（ROG）STRIX X570-I GAMING 主板 迷你板载WIFI主板 支持 CPU 3800X3700X (AMD X570socket AM4)/详情图/2.jpg\" /> <img src=\"http://localhost:8080/upload/玩家国度（ROG）STRIX X570-I GAMING 主板 迷你板载WIFI主板 支持 CPU 3800X3700X (AMD X570socket AM4)/详情图/3.jpg\" /> <img src=\"http://localhost:8080/upload/玩家国度（ROG）STRIX X570-I GAMING 主板 迷你板载WIFI主板 支持 CPU 3800X3700X (AMD X570socket AM4)/详情图/4.jpg\" /> <img src=\"http://localhost:8080/upload/玩家国度（ROG）STRIX X570-I GAMING 主板 迷你板载WIFI主板 支持 CPU 3800X3700X (AMD X570socket AM4)/详情图/5.jpg\" /> <img src=\"http://localhost:8080/upload/玩家国度（ROG）STRIX X570-I GAMING 主板 迷你板载WIFI主板 支持 CPU 3800X3700X (AMD X570socket AM4)/详情图/6.jpg\" /> <img src=\"http://localhost:8080/upload/玩家国度（ROG）STRIX X570-I GAMING 主板 迷你板载WIFI主板 支持 CPU 3800X3700X (AMD X570socket AM4)/详情图/7.jpg\" /> <img src=\"http://localhost:8080/upload/玩家国度（ROG）STRIX X570-I GAMING 主板 迷你板载WIFI主板 支持 CPU 3800X3700X (AMD X570socket AM4)/详情图/8.jpg\" /> <img src=\"http://localhost:8080/upload/玩家国度（ROG）STRIX X570-I GAMING 主板 迷你板载WIFI主板 支持 CPU 3800X3700X (AMD X570socket AM4)/详情图/9.jpg\" /> <img src=\"http://localhost:8080/upload/玩家国度（ROG）STRIX X570-I GAMING 主板 迷你板载WIFI主板 支持 CPU 3800X3700X (AMD X570socket AM4)/详情图/10.jpg\" /> <img src=\"http://localhost:8080/upload/玩家国度（ROG）STRIX X570-I GAMING 主板 迷你板载WIFI主板 支持 CPU 3800X3700X (AMD X570socket AM4)/详情图/11.jpg\" /> <img src=\"http://localhost:8080/upload/玩家国度（ROG）STRIX X570-I GAMING 主板 迷你板载WIFI主板 支持 CPU 3800X3700X (AMD X570socket AM4)/详情图/12.jpg\" /> <img src=\"http://localhost:8080/upload/玩家国度（ROG）STRIX X570-I GAMING 主板 迷你板载WIFI主板 支持 CPU 3800X3700X (AMD X570socket AM4)/详情图/13.jpg\" /> <img src=\"http://localhost:8080/upload/玩家国度（ROG）STRIX X570-I GAMING 主板 迷你板载WIFI主板 支持 CPU 3800X3700X (AMD X570socket AM4)/详情图/14.jpg\" /> <img src=\"http://localhost:8080/upload/玩家国度（ROG）STRIX X570-I GAMING 主板 迷你板载WIFI主板 支持 CPU 3800X3700X (AMD X570socket AM4)/详情图/15.jpg\" /> <img src=\"http://localhost:8080/upload/玩家国度（ROG）STRIX X570-I GAMING 主板 迷你板载WIFI主板 支持 CPU 3800X3700X (AMD X570socket AM4)/详情图/16.jpg\" /><img src=\"http://localhost:8080/upload/玩家国度（ROG）STRIX X570-I GAMING 主板 迷你板载WIFI主板 支持 CPU 3800X3700X (AMD X570socket AM4)/详情图/17.jpg\" /><img src=\"http://localhost:8080/upload/玩家国度（ROG）STRIX X570-I GAMING 主板 迷你板载WIFI主板 支持 CPU 3800X3700X (AMD X570socket AM4)/详情图/18.jpg\" /><img src=\"http://localhost:8080/upload/玩家国度（ROG）STRIX X570-I GAMING 主板 迷你板载WIFI主板 支持 CPU 3800X3700X (AMD X570socket AM4)/详情图/19.jpg\" /><img src=\"http://localhost:8080/upload/玩家国度（ROG）STRIX X570-I GAMING 主板 迷你板载WIFI主板 支持 CPU 3800X3700X (AMD X570socket AM4)/详情图/20.jpg\" /><img src=\"http://localhost:8080/upload/玩家国度（ROG）STRIX X570-I GAMING 主板 迷你板载WIFI主板 支持 CPU 3800X3700X (AMD X570socket AM4)/详情图/21.jpg\" /><img src=\"http://localhost:8080/upload/玩家国度（ROG）STRIX X570-I GAMING 主板 迷你板载WIFI主板 支持 CPU 3800X3700X (AMD X570socket AM4)/详情图/22.jpg\" /><img src=\"http://localhost:8080/upload/玩家国度（ROG）STRIX X570-I GAMING 主板 迷你板载WIFI主板 支持 CPU 3800X3700X (AMD X570socket AM4)/详情图/23.jpg\" /><img src=\"http://localhost:8080/upload/玩家国度（ROG）STRIX X570-I GAMING 主板 迷你板载WIFI主板 支持 CPU 3800X3700X (AMD X570socket AM4)/详情图/24.jpg\" />', 2999, 2999, 1000, '支持7天无理由退货', 0, 0, '2020-03-26 19:52:48', 0, '2020-03-31 01:20:52');
INSERT INTO `tb_hardware_mall_goods_info` VALUES (10912, '酷冷至尊(CoolerMaster)夜鹰 CPU散热器(多平台/风冷/静音风扇/压固式/附带硅脂)', '6万用户好评，采用高密度鳍片8cm风扇，风量强大，支持Intel&AMD平台！', 142, 'http://localhost:8080/upload/20200326_1954167.jpg', 'http://localhost:8080/upload/20200326_1954167.jpg', '&nbsp;', 20, 20, 1000, '下压式散热', 0, 0, '2020-03-26 19:54:31', 0, '2020-03-26 19:54:31');
INSERT INTO `tb_hardware_mall_goods_info` VALUES (10913, '九州风神（DEEPCOOL） 玄冰400 CPU散热器（多平台/支持AM4/4热管/智能温控/发蓝光/12CM风扇/附带硅脂）', '【超50万好评！风冷经典之作】智能控温，支持多平台，机箱限高155！', 143, 'http://localhost:8080/upload/20200326_19560853.jpg', 'http://localhost:8080/upload/20200326_19560853.jpg', '<p>\n	<img src=\"http://localhost:8080/upload/九州风神（DEEPCOOL） 玄冰400 CPU散热器（多平台支持AM44热管智能温控发蓝光12CM风扇附带硅脂）/详情图/1.jpg\" /> <img src=\"http://localhost:8080/upload/九州风神（DEEPCOOL） 玄冰400 CPU散热器（多平台支持AM44热管智能温控发蓝光12CM风扇附带硅脂）/详情图/2.jpg\" /> <img src=\"http://localhost:8080/upload/九州风神（DEEPCOOL） 玄冰400 CPU散热器（多平台支持AM44热管智能温控发蓝光12CM风扇附带硅脂）/详情图/3.jpg\" /> <img src=\"http://localhost:8080/upload/九州风神（DEEPCOOL） 玄冰400 CPU散热器（多平台支持AM44热管智能温控发蓝光12CM风扇附带硅脂）/详情图/4.jpg\" /> <img src=\"http://localhost:8080/upload/九州风神（DEEPCOOL） 玄冰400 CPU散热器（多平台支持AM44热管智能温控发蓝光12CM风扇附带硅脂）/详情图/5.jpg\" /> <img src=\"http://localhost:8080/upload/九州风神（DEEPCOOL） 玄冰400 CPU散热器（多平台支持AM44热管智能温控发蓝光12CM风扇附带硅脂）/详情图/6.jpg\" /> <img src=\"http://localhost:8080/upload/九州风神（DEEPCOOL） 玄冰400 CPU散热器（多平台支持AM44热管智能温控发蓝光12CM风扇附带硅脂）/详情图/7.jpg\" /> <img src=\"http://localhost:8080/upload/九州风神（DEEPCOOL） 玄冰400 CPU散热器（多平台支持AM44热管智能温控发蓝光12CM风扇附带硅脂）/详情图/8.jpg\" /> <img src=\"http://localhost:8080/upload/九州风神（DEEPCOOL） 玄冰400 CPU散热器（多平台支持AM44热管智能温控发蓝光12CM风扇附带硅脂）/详情图/9.jpg\" /> <img src=\"http://localhost:8080/upload/九州风神（DEEPCOOL） 玄冰400 CPU散热器（多平台支持AM44热管智能温控发蓝光12CM风扇附带硅脂）/详情图/10.jpg\" /> <img src=\"http://localhost:8080/upload/九州风神（DEEPCOOL） 玄冰400 CPU散热器（多平台支持AM44热管智能温控发蓝光12CM风扇附带硅脂）/详情图/11.jpg\" /> <img src=\"http://localhost:8080/upload/九州风神（DEEPCOOL） 玄冰400 CPU散热器（多平台支持AM44热管智能温控发蓝光12CM风扇附带硅脂）/详情图/12.jpg\" /> <img src=\"http://localhost:8080/upload/九州风神（DEEPCOOL） 玄冰400 CPU散热器（多平台支持AM44热管智能温控发蓝光12CM风扇附带硅脂）/详情图/13.jpg\" /> <img src=\"http://localhost:8080/upload/九州风神（DEEPCOOL） 玄冰400 CPU散热器（多平台支持AM44热管智能温控发蓝光12CM风扇附带硅脂）/详情图/14.jpg\" /> <img src=\"http://localhost:8080/upload/九州风神（DEEPCOOL） 玄冰400 CPU散热器（多平台支持AM44热管智能温控发蓝光12CM风扇附带硅脂）/详情图/15.jpg\" />&nbsp;\n</p>\n<p>\n	<img src=\"http://localhost:8080/upload/九州风神（DEEPCOOL） 玄冰400 CPU散热器（多平台支持AM44热管智能温控发蓝光12CM风扇附带硅脂）/详情图/16.jpg\" />\n</p>', 90, 90, 1000, '支持7天无理由退货', 0, 0, '2020-03-26 19:56:09', 0, '2020-03-31 00:40:57');
INSERT INTO `tb_hardware_mall_goods_info` VALUES (10914, '酷冷至尊(CoolerMaster)冰神G360RGB CPU水冷散热器(I9 2066、AM4/ARGB灯珠/双腔水泵/低阻冷排/FEP水冷管)', '可独立控制每颗RGB灯珠，带控制器，双腔水泵、低阻冷排解热效能更佳！', 144, 'http://localhost:8080/upload/20200326_19584924.jpg', 'http://localhost:8080/upload/20200326_19584924.jpg', '&nbsp;', 1099, 1099, 1000, '支持7天无理由退货', 0, 0, '2020-03-26 19:58:50', 0, '2020-03-31 00:49:13');
INSERT INTO `tb_hardware_mall_goods_info` VALUES (10915, '乔思伯（JONSBO）SHADOW 光影240 幻彩一体式水冷 （14条水道/神光同步/ARGB控制器/铝合金冷头/带遥控器）', '【尚品优选】高性能14条水道，自带控制器，亦可支持主板5V神光同步，想怎么炫就怎么炫！', 145, 'http://localhost:8080/upload/20200326_20001298.jpg', 'http://localhost:8080/upload/20200326_20001298.jpg', '<img src=\"http://localhost:8080/upload/乔思伯（JONSBO）SHADOW 光影240 幻彩一体式水冷 （14条水道神光同步ARGB控制器铝合金冷头带遥控器）/详情图/1.jpg\" /> <img src=\"http://localhost:8080/upload/乔思伯（JONSBO）SHADOW 光影240 幻彩一体式水冷 （14条水道神光同步ARGB控制器铝合金冷头带遥控器）/详情图/2.jpg\" /> <img src=\"http://localhost:8080/upload/乔思伯（JONSBO）SHADOW 光影240 幻彩一体式水冷 （14条水道神光同步ARGB控制器铝合金冷头带遥控器）/详情图/3.jpg\" /> <img src=\"http://localhost:8080/upload/乔思伯（JONSBO）SHADOW 光影240 幻彩一体式水冷 （14条水道神光同步ARGB控制器铝合金冷头带遥控器）/详情图/4.jpg\" /> <img src=\"http://localhost:8080/upload/乔思伯（JONSBO）SHADOW 光影240 幻彩一体式水冷 （14条水道神光同步ARGB控制器铝合金冷头带遥控器）/详情图/5.jpg\" /> <img src=\"http://localhost:8080/upload/乔思伯（JONSBO）SHADOW 光影240 幻彩一体式水冷 （14条水道神光同步ARGB控制器铝合金冷头带遥控器）/详情图/6.jpg\" /> <img src=\"http://localhost:8080/upload/乔思伯（JONSBO）SHADOW 光影240 幻彩一体式水冷 （14条水道神光同步ARGB控制器铝合金冷头带遥控器）/详情图/7.jpg\" /> <img src=\"http://localhost:8080/upload/乔思伯（JONSBO）SHADOW 光影240 幻彩一体式水冷 （14条水道神光同步ARGB控制器铝合金冷头带遥控器）/详情图/8.jpg\" /> <img src=\"http://localhost:8080/upload/乔思伯（JONSBO）SHADOW 光影240 幻彩一体式水冷 （14条水道神光同步ARGB控制器铝合金冷头带遥控器）/详情图/9.jpg\" /> <img src=\"http://localhost:8080/upload/乔思伯（JONSBO）SHADOW 光影240 幻彩一体式水冷 （14条水道神光同步ARGB控制器铝合金冷头带遥控器）/详情图/10.jpg\" /> <img src=\"http://localhost:8080/upload/乔思伯（JONSBO）SHADOW 光影240 幻彩一体式水冷 （14条水道神光同步ARGB控制器铝合金冷头带遥控器）/详情图/11.jpg\" /> <img src=\"http://localhost:8080/upload/乔思伯（JONSBO）SHADOW 光影240 幻彩一体式水冷 （14条水道神光同步ARGB控制器铝合金冷头带遥控器）/详情图/12.jpg\" /> <img src=\"http://localhost:8080/upload/乔思伯（JONSBO）SHADOW 光影240 幻彩一体式水冷 （14条水道神光同步ARGB控制器铝合金冷头带遥控器）/详情图/13.jpg\" /> <img src=\"http://localhost:8080/upload/乔思伯（JONSBO）SHADOW 光影240 幻彩一体式水冷 （14条水道神光同步ARGB控制器铝合金冷头带遥控器）/详情图/14.jpg\" /> <img src=\"http://localhost:8080/upload/乔思伯（JONSBO）SHADOW 光影240 幻彩一体式水冷 （14条水道神光同步ARGB控制器铝合金冷头带遥控器）/详情图/15.jpg\" /> <img src=\"http://localhost:8080/upload/乔思伯（JONSBO）SHADOW 光影240 幻彩一体式水冷 （14条水道神光同步ARGB控制器铝合金冷头带遥控器）/详情图/16.jpg\" /><img src=\"http://localhost:8080/upload/乔思伯（JONSBO）SHADOW 光影240 幻彩一体式水冷 （14条水道神光同步ARGB控制器铝合金冷头带遥控器）/详情图/17.jpg\" /><img src=\"http://localhost:8080/upload/乔思伯（JONSBO）SHADOW 光影240 幻彩一体式水冷 （14条水道神光同步ARGB控制器铝合金冷头带遥控器）/详情图/18.jpg\" /><img src=\"http://localhost:8080/upload/乔思伯（JONSBO）SHADOW 光影240 幻彩一体式水冷 （14条水道神光同步ARGB控制器铝合金冷头带遥控器）/详情图/19.jpg\" /><img src=\"http://localhost:8080/upload/乔思伯（JONSBO）SHADOW 光影240 幻彩一体式水冷 （14条水道神光同步ARGB控制器铝合金冷头带遥控器）/详情图/20.jpg\" /><img src=\"http://localhost:8080/upload/乔思伯（JONSBO）SHADOW 光影240 幻彩一体式水冷 （14条水道神光同步ARGB控制器铝合金冷头带遥控器）/详情图/21.jpg\" /><img src=\"http://localhost:8080/upload/乔思伯（JONSBO）SHADOW 光影240 幻彩一体式水冷 （14条水道神光同步ARGB控制器铝合金冷头带遥控器）/详情图/22.jpg\" /><img src=\"http://localhost:8080/upload/乔思伯（JONSBO）SHADOW 光影240 幻彩一体式水冷 （14条水道神光同步ARGB控制器铝合金冷头带遥控器）/详情图/23.jpg\" /><img src=\"http://localhost:8080/upload/乔思伯（JONSBO）SHADOW 光影240 幻彩一体式水冷 （14条水道神光同步ARGB控制器铝合金冷头带遥控器）/详情图/24.jpg\" />', 399, 399, 1000, '支持7天无理由退货', 0, 0, '2020-03-26 20:00:13', 0, '2020-03-31 01:40:11');
INSERT INTO `tb_hardware_mall_goods_info` VALUES (10916, '酷冷至尊(CoolerMaster)海魔120 CPU水冷散热器(多平台/一体水冷/静音/LED蓝光风扇/高效水冷泵)', '海魔120升级款，双腔体冷头设计，蓄水量提升20%，蓝光灯效！', 146, 'http://localhost:8080/upload/20200326_20021353.jpg', 'http://localhost:8080/upload/20200326_20021353.jpg', '&nbsp;', 279, 279, 1000, '支持7天无理由退货', 0, 0, '2020-03-26 20:02:13', 0, '2020-03-26 20:02:13');
INSERT INTO `tb_hardware_mall_goods_info` VALUES (10917, '三星（SAMSUNG）500GB SSD固态硬盘 SATA3.0接口 860 EVO（MZ-76E500B）', '品牌铸造品质，SATA接口中的坚持输出性能、稳定、兼容。五年质保！', 149, 'http://localhost:8080/upload/20200326_20034329.jpg', 'http://localhost:8080/upload/20200326_20034329.jpg', '<img src=\"http://localhost:8080/upload/三星（SAMSUNG）500GB SSD固态硬盘 SATA3.0接口 860 EVO（MZ-76E500B）/详情图/2.jpg\" &gt;=\"\" <img=\"\"> <img src=\"http://localhost:8080/upload/三星（SAMSUNG）500GB SSD固态硬盘 SATA3.0接口 860 EVO（MZ-76E500B）/详情图/3.jpg\" /> <img src=\"http://localhost:8080/upload/三星（SAMSUNG）500GB SSD固态硬盘 SATA3.0接口 860 EVO（MZ-76E500B）/详情图/4.jpg\" /> <img src=\"http://localhost:8080/upload/三星（SAMSUNG）500GB SSD固态硬盘 SATA3.0接口 860 EVO（MZ-76E500B）/详情图/5.jpg\" /> <img src=\"http://localhost:8080/upload/三星（SAMSUNG）500GB SSD固态硬盘 SATA3.0接口 860 EVO（MZ-76E500B）/详情图/6.jpg\" /> <img src=\"http://localhost:8080/upload/三星（SAMSUNG）500GB SSD固态硬盘 SATA3.0接口 860 EVO（MZ-76E500B）/详情图/7.jpg\" /> <img src=\"http://localhost:8080/upload/三星（SAMSUNG）500GB SSD固态硬盘 SATA3.0接口 860 EVO（MZ-76E500B）/详情图/8.jpg\" /> <img src=\"http://localhost:8080/upload/三星（SAMSUNG）500GB SSD固态硬盘 SATA3.0接口 860 EVO（MZ-76E500B）/详情图/9.jpg\" />', 599, 599, 1000, '支持7天无理由退货', 0, 0, '2020-03-26 20:03:43', 0, '2020-03-31 01:14:25');
INSERT INTO `tb_hardware_mall_goods_info` VALUES (10918, '三星970evoPlus SSD固态硬盘NVMe接口M2固态硬盘台式机电脑固态硬盘笔记本硬盘M.2 1TB', '发烧级固态硬盘', 150, 'http://localhost:8080/upload/20200326_20054069.jpg', 'http://localhost:8080/upload/20200326_20054069.jpg', '<img src=\"http://localhost:8080/upload/三星970evoPlusSSD固态硬盘NVMe接口M2/详情图/1.jpg\" /> <img src=\"http://localhost:8080/upload/三星970evoPlusSSD固态硬盘NVMe接口M2/详情图/2.jpg\" />', 1979, 1979, 1000, '支持7天无理由退货', 0, 0, '2020-03-26 20:05:43', 0, '2020-03-31 01:17:37');
INSERT INTO `tb_hardware_mall_goods_info` VALUES (10919, '西部数据(WD)蓝盘 1TB SATA6Gb/s 7200转64MB 台式机械硬盘(WD10EZEX)', '西部数据(WD)蓝盘', 151, 'http://localhost:8080/upload/20200326_20071552.jpg', 'http://localhost:8080/upload/20200326_20071552.jpg', '<img src=\"http://localhost:8080/upload/西部数据(WD)蓝盘 1TB SATA6Gbs 7200转64MB 台式机械硬盘(WD10EZEX)/详情图/1.jpg\" /> <img src=\"http://localhost:8080/upload/西部数据(WD)蓝盘 1TB SATA6Gbs 7200转64MB 台式机械硬盘(WD10EZEX)/详情图/2.jpg\" /> <img src=\"http://localhost:8080/upload/西部数据(WD)蓝盘 1TB SATA6Gbs 7200转64MB 台式机械硬盘(WD10EZEX)/详情图/3.jpg\" /> <img src=\"http://localhost:8080/upload/西部数据(WD)蓝盘 1TB SATA6Gbs 7200转64MB 台式机械硬盘(WD10EZEX)/详情图/4.jpg\" /> <img src=\"http://localhost:8080/upload/西部数据(WD)蓝盘 1TB SATA6Gbs 7200转64MB 台式机械硬盘(WD10EZEX)/详情图/5.jpg\" /> <img src=\"http://localhost:8080/upload/西部数据(WD)蓝盘 1TB SATA6Gbs 7200转64MB 台式机械硬盘(WD10EZEX)/详情图/6.jpg\" /> <img src=\"http://localhost:8080/upload/西部数据(WD)蓝盘 1TB SATA6Gbs 7200转64MB 台式机械硬盘(WD10EZEX)/详情图/7.jpg\" /> <img src=\"http://localhost:8080/upload/西部数据(WD)蓝盘 1TB SATA6Gbs 7200转64MB 台式机械硬盘(WD10EZEX)/详情图/8.jpg\" /> <img src=\"http://localhost:8080/upload/西部数据(WD)蓝盘 1TB SATA6Gbs 7200转64MB 台式机械硬盘(WD10EZEX)/详情图/9.jpg\" /> <img src=\"http://localhost:8080/upload/西部数据(WD)蓝盘 1TB SATA6Gbs 7200转64MB 台式机械硬盘(WD10EZEX)/详情图/10.jpg\" /> <img src=\"http://localhost:8080/upload/西部数据(WD)蓝盘 1TB SATA6Gbs 7200转64MB 台式机械硬盘(WD10EZEX)/详情图/11.jpg\" /> <img src=\"http://localhost:8080/upload/西部数据(WD)蓝盘 1TB SATA6Gbs 7200转64MB 台式机械硬盘(WD10EZEX)/详情图/12.jpg\" /> <img src=\"http://localhost:8080/upload/西部数据(WD)蓝盘 1TB SATA6Gbs 7200转64MB 台式机械硬盘(WD10EZEX)/详情图/13.jpg\" />', 289, 289, 1000, '支持7天无理由退货', 0, 0, '2020-03-26 20:07:16', 0, '2020-03-31 01:27:16');
INSERT INTO `tb_hardware_mall_goods_info` VALUES (10920, '威刚（ADATA）DDR4 2666 4GB 台式机内存 万紫千红', '传承经典，万紫千红，严选颗粒、镀金工艺、终身质保！', 153, 'http://localhost:8080/upload/20200326_20085262.jpg', 'http://localhost:8080/upload/20200326_20085262.jpg', '<img src=\"http://localhost:8080/upload/威刚（ADATA）DDR4 2666 4GB 台式机内存 万紫千红/详情图/1.jpg\" /> <img src=\"http://localhost:8080/upload/威刚（ADATA）DDR4 2666 4GB 台式机内存 万紫千红/详情图/2.jpg\" /> <img src=\"http://localhost:8080/upload/威刚（ADATA）DDR4 2666 4GB 台式机内存 万紫千红/详情图/3.jpg\" /> <img src=\"http://localhost:8080/upload/威刚（ADATA）DDR4 2666 4GB 台式机内存 万紫千红/详情图/4.jpg\" /> <img src=\"http://localhost:8080/upload/威刚（ADATA）DDR4 2666 4GB 台式机内存 万紫千红/详情图/5.jpg\" /> <img src=\"http://localhost:8080/upload/威刚（ADATA）DDR4 2666 4GB 台式机内存 万紫千红/详情图/6.jpg\" /> <img src=\"http://localhost:8080/upload/威刚（ADATA）DDR4 2666 4GB 台式机内存 万紫千红/详情图/7.jpg\" /> <img src=\"http://localhost:8080/upload/威刚（ADATA）DDR4 2666 4GB 台式机内存 万紫千红/详情图/8.jpg\" /> <img src=\"http://localhost:8080/upload/威刚（ADATA）DDR4 2666 4GB 台式机内存 万紫千红/详情图/9.jpg\" /> <img src=\"http://localhost:8080/upload/威刚（ADATA）DDR4 2666 4GB 台式机内存 万紫千红/详情图/10.jpg\" /> <img src=\"http://localhost:8080/upload/威刚（ADATA）DDR4 2666 4GB 台式机内存 万紫千红/详情图/11.jpg\" /> <img src=\"http://localhost:8080/upload/威刚（ADATA）DDR4 2666 4GB 台式机内存 万紫千红/详情图/12.jpg\" />', 169, 169, 1000, '支持7天无理由退货', 0, 0, '2020-03-26 20:08:52', 0, '2020-03-31 01:22:49');
INSERT INTO `tb_hardware_mall_goods_info` VALUES (10921, '金士顿(Kingston) DDR4 2666 8GB 台式机内存条 骇客神条 Fury雷电系列', '匠心工艺，爆款精选，更适用于intel9代CPU,轻松超频,高效散热', 154, 'http://localhost:8080/upload/20200326_20100562.jpg', 'http://localhost:8080/upload/20200326_20100562.jpg', '<img src=\"http://localhost:8080/upload/金士顿(Kingston) DDR4 2666 8GB 台式机内存条 骇客神条 Fury雷电系列/详情图/1.jpg\" /> <img src=\"http://localhost:8080/upload/金士顿(Kingston) DDR4 2666 8GB 台式机内存条 骇客神条 Fury雷电系列/详情图/2.jpg\" /> <img src=\"http://localhost:8080/upload/金士顿(Kingston) DDR4 2666 8GB 台式机内存条 骇客神条 Fury雷电系列/详情图/3.jpg\" /> <img src=\"http://localhost:8080/upload/金士顿(Kingston) DDR4 2666 8GB 台式机内存条 骇客神条 Fury雷电系列/详情图/4.jpg\" /> <img src=\"http://localhost:8080/upload/金士顿(Kingston) DDR4 2666 8GB 台式机内存条 骇客神条 Fury雷电系列/详情图/5.jpg\" /> <img src=\"http://localhost:8080/upload/金士顿(Kingston) DDR4 2666 8GB 台式机内存条 骇客神条 Fury雷电系列/详情图/6.jpg\" /> <img src=\"http://localhost:8080/upload/金士顿(Kingston) DDR4 2666 8GB 台式机内存条 骇客神条 Fury雷电系列/详情图/7.jpg\" /> <img src=\"http://localhost:8080/upload/金士顿(Kingston) DDR4 2666 8GB 台式机内存条 骇客神条 Fury雷电系列/详情图/8.jpg\" /> <img src=\"http://localhost:8080/upload/金士顿(Kingston) DDR4 2666 8GB 台式机内存条 骇客神条 Fury雷电系列/详情图/9.jpg\" /> <img src=\"http://localhost:8080/upload/金士顿(Kingston) DDR4 2666 8GB 台式机内存条 骇客神条 Fury雷电系列/详情图/10.jpg\" /> <img src=\"http://localhost:8080/upload/金士顿(Kingston) DDR4 2666 8GB 台式机内存条 骇客神条 Fury雷电系列/详情图/11.jpg\" /> <img src=\"http://localhost:8080/upload/金士顿(Kingston) DDR4 2666 8GB 台式机内存条 骇客神条 Fury雷电系列/详情图/12.jpg\" /> <img src=\"http://localhost:8080/upload/金士顿(Kingston) DDR4 2666 8GB 台式机内存条 骇客神条 Fury雷电系列/详情图/13.jpg\" /> <img src=\"http://localhost:8080/upload/金士顿(Kingston) DDR4 2666 8GB 台式机内存条 骇客神条 Fury雷电系列/详情图/14.jpg\" /> <img src=\"http://localhost:8080/upload/金士顿(Kingston) DDR4 2666 8GB 台式机内存条 骇客神条 Fury雷电系列/详情图/15.jpg\" /> <img src=\"http://localhost:8080/upload/金士顿(Kingston) DDR4 2666 8GB 台式机内存条 骇客神条 Fury雷电系列/详情图/16.jpg\" /><img src=\"http://localhost:8080/upload/金士顿(Kingston) DDR4 2666 8GB 台式机内存条 骇客神条 Fury雷电系列/详情图/17.jpg\" /><img src=\"http://localhost:8080/upload/金士顿(Kingston) DDR4 2666 8GB 台式机内存条 骇客神条 Fury雷电系列/详情图/18.jpg\" /><img src=\"http://localhost:8080/upload/金士顿(Kingston) DDR4 2666 8GB 台式机内存条 骇客神条 Fury雷电系列/详情图/19.jpg\" /><img src=\"http://localhost:8080/upload/金士顿(Kingston) DDR4 2666 8GB 台式机内存条 骇客神条 Fury雷电系列/详情图/20.jpg\" /><img src=\"http://localhost:8080/upload/金士顿(Kingston) DDR4 2666 8GB 台式机内存条 骇客神条 Fury雷电系列/详情图/21.jpg\" /><img src=\"http://localhost:8080/upload/金士顿(Kingston) DDR4 2666 8GB 台式机内存条 骇客神条 Fury雷电系列/详情图/22.jpg\" /><img src=\"http://localhost:8080/upload/金士顿(Kingston) DDR4 2666 8GB 台式机内存条 骇客神条 Fury雷电系列/详情图/23.jpg\" /><img src=\"http://localhost:8080/upload/金士顿(Kingston) DDR4 2666 8GB 台式机内存条 骇客神条 Fury雷电系列/详情图/24.jpg\" />', 349, 349, 1000, '支持7天无理由退货', 0, 0, '2020-03-26 20:10:05', 0, '2020-03-31 00:33:44');
INSERT INTO `tb_hardware_mall_goods_info` VALUES (10922, '美商海盗船(USCORSAIR)DDR4 3200 16GB 台式机内存条 复仇者LPX系列 游戏型', '【复仇者LPX-高性能超频利器】精选颗粒定制PCB板，铝制散热器，稳定兼容，Intel_XMP2.0认证轻松超频！', 155, 'http://localhost:8080/upload/20200326_2011156.jpg', 'http://localhost:8080/upload/20200326_2011156.jpg', '&nbsp;', 689, 689, 1000, '支持7天无理由退货', 0, 0, '2020-03-26 20:11:16', 0, '2020-03-26 20:11:16');
INSERT INTO `tb_hardware_mall_goods_info` VALUES (10923, '游戏悍将 天空之城 中塔ATX机箱（钢化玻璃侧透/支持360水冷/6个风扇位/大空间背走线）', '钢化玻璃侧透', 158, 'http://localhost:8080/upload/20200326_20123261.jpg', 'http://localhost:8080/upload/20200326_20123261.jpg', '<img src=\"http://localhost:8080/upload/游戏悍将 天空之城 中塔ATX机箱（钢化玻璃侧透支持360水冷6个风扇位大空间背走线）/详情图/1.jpg\" /> <img src=\"http://localhost:8080/upload/游戏悍将 天空之城 中塔ATX机箱（钢化玻璃侧透支持360水冷6个风扇位大空间背走线）/详情图/2.jpg\" /> <img src=\"http://localhost:8080/upload/游戏悍将 天空之城 中塔ATX机箱（钢化玻璃侧透支持360水冷6个风扇位大空间背走线）/详情图/3.jpg\" /> <img src=\"http://localhost:8080/upload/游戏悍将 天空之城 中塔ATX机箱（钢化玻璃侧透支持360水冷6个风扇位大空间背走线）/详情图/4.jpg\" /> <img src=\"http://localhost:8080/upload/游戏悍将 天空之城 中塔ATX机箱（钢化玻璃侧透支持360水冷6个风扇位大空间背走线）/详情图/5.jpg\" /> <img src=\"http://localhost:8080/upload/游戏悍将 天空之城 中塔ATX机箱（钢化玻璃侧透支持360水冷6个风扇位大空间背走线）/详情图/6.jpg\" /> <img src=\"http://localhost:8080/upload/游戏悍将 天空之城 中塔ATX机箱（钢化玻璃侧透支持360水冷6个风扇位大空间背走线）/详情图/7.jpg\" /> <img src=\"http://localhost:8080/upload/游戏悍将 天空之城 中塔ATX机箱（钢化玻璃侧透支持360水冷6个风扇位大空间背走线）/详情图/8.jpg\" /> <img src=\"http://localhost:8080/upload/游戏悍将 天空之城 中塔ATX机箱（钢化玻璃侧透支持360水冷6个风扇位大空间背走线）/详情图/9.jpg\" /> <img src=\"http://localhost:8080/upload/游戏悍将 天空之城 中塔ATX机箱（钢化玻璃侧透支持360水冷6个风扇位大空间背走线）/详情图/10.jpg\" /> <img src=\"http://localhost:8080/upload/游戏悍将 天空之城 中塔ATX机箱（钢化玻璃侧透支持360水冷6个风扇位大空间背走线）/详情图/11.jpg\" /> <img src=\"http://localhost:8080/upload/游戏悍将 天空之城 中塔ATX机箱（钢化玻璃侧透支持360水冷6个风扇位大空间背走线）/详情图/12.jpg\" /> <img src=\"http://localhost:8080/upload/游戏悍将 天空之城 中塔ATX机箱（钢化玻璃侧透支持360水冷6个风扇位大空间背走线）/详情图/13.jpg\" /> <img src=\"http://localhost:8080/upload/游戏悍将 天空之城 中塔ATX机箱（钢化玻璃侧透支持360水冷6个风扇位大空间背走线）/详情图/14.jpg\" /> <img src=\"http://localhost:8080/upload/游戏悍将 天空之城 中塔ATX机箱（钢化玻璃侧透支持360水冷6个风扇位大空间背走线）/详情图/15.jpg\" /> <img src=\"http://localhost:8080/upload/游戏悍将 天空之城 中塔ATX机箱（钢化玻璃侧透支持360水冷6个风扇位大空间背走线）/详情图/16.jpg\" /><img src=\"http://localhost:8080/upload/游戏悍将 天空之城 中塔ATX机箱（钢化玻璃侧透支持360水冷6个风扇位大空间背走线）/详情图/17.jpg\" /><img src=\"http://localhost:8080/upload/游戏悍将 天空之城 中塔ATX机箱（钢化玻璃侧透支持360水冷6个风扇位大空间背走线）/详情图/18.jpg\" /><img src=\"http://localhost:8080/upload/游戏悍将 天空之城 中塔ATX机箱（钢化玻璃侧透支持360水冷6个风扇位大空间背走线）/详情图/19.jpg\" /><img src=\"http://localhost:8080/upload/游戏悍将 天空之城 中塔ATX机箱（钢化玻璃侧透支持360水冷6个风扇位大空间背走线）/详情图/20.jpg\" /><img src=\"http://localhost:8080/upload/游戏悍将 天空之城 中塔ATX机箱（钢化玻璃侧透支持360水冷6个风扇位大空间背走线）/详情图/21.jpg\" /><img src=\"http://localhost:8080/upload/游戏悍将 天空之城 中塔ATX机箱（钢化玻璃侧透支持360水冷6个风扇位大空间背走线）/详情图/22.jpg\" /><img src=\"http://localhost:8080/upload/游戏悍将 天空之城 中塔ATX机箱（钢化玻璃侧透支持360水冷6个风扇位大空间背走线）/详情图/23.jpg\" /><img src=\"http://localhost:8080/upload/游戏悍将 天空之城 中塔ATX机箱（钢化玻璃侧透支持360水冷6个风扇位大空间背走线）/详情图/24.jpg\" />', 299, 299, 999, '支持7天无理由退货', 0, 0, '2020-03-26 20:12:33', 0, '2020-03-31 01:12:51');
INSERT INTO `tb_hardware_mall_goods_info` VALUES (10924, '先马（SAMA）鲁班3豪华版 游戏电脑主机箱 竖装显卡/配2把20cmRGB风扇/Type-c/支持E-ATX主板/前玻璃铁网切换', '【先马破坏神X3新品上市】定金四倍膨胀，活动期间下单赠蓝光风扇一个，加购键鼠套装再返80元E卡', 159, 'http://localhost:8080/upload/20200326_20134711.jpg', 'http://localhost:8080/upload/20200326_20134711.jpg', '<img src=\"http://localhost:8080/upload/先马（SAMA）鲁班3豪华版 游戏电脑主机箱 竖装显卡配2把20cmRGB风扇Type-c支持E-ATX主板前玻璃铁网切换/详情图/1.jpg\" /> <img src=\"http://localhost:8080/upload/先马（SAMA）鲁班3豪华版 游戏电脑主机箱 竖装显卡配2把20cmRGB风扇Type-c支持E-ATX主板前玻璃铁网切换/详情图/2.jpg\" /> <img src=\"http://localhost:8080/upload/先马（SAMA）鲁班3豪华版 游戏电脑主机箱 竖装显卡配2把20cmRGB风扇Type-c支持E-ATX主板前玻璃铁网切换/详情图/3.jpg\" /> <img src=\"http://localhost:8080/upload/先马（SAMA）鲁班3豪华版 游戏电脑主机箱 竖装显卡配2把20cmRGB风扇Type-c支持E-ATX主板前玻璃铁网切换/详情图/4.jpg\" /> <img src=\"http://localhost:8080/upload/先马（SAMA）鲁班3豪华版 游戏电脑主机箱 竖装显卡配2把20cmRGB风扇Type-c支持E-ATX主板前玻璃铁网切换/详情图/5.jpg\" /> <img src=\"http://localhost:8080/upload/先马（SAMA）鲁班3豪华版 游戏电脑主机箱 竖装显卡配2把20cmRGB风扇Type-c支持E-ATX主板前玻璃铁网切换/详情图/6.jpg\" /> <img src=\"http://localhost:8080/upload/先马（SAMA）鲁班3豪华版 游戏电脑主机箱 竖装显卡配2把20cmRGB风扇Type-c支持E-ATX主板前玻璃铁网切换/详情图/7.jpg\" /> <img src=\"http://localhost:8080/upload/先马（SAMA）鲁班3豪华版 游戏电脑主机箱 竖装显卡配2把20cmRGB风扇Type-c支持E-ATX主板前玻璃铁网切换/详情图/8.jpg\" /> <img src=\"http://localhost:8080/upload/先马（SAMA）鲁班3豪华版 游戏电脑主机箱 竖装显卡配2把20cmRGB风扇Type-c支持E-ATX主板前玻璃铁网切换/详情图/9.jpg\" /> <img src=\"http://localhost:8080/upload/先马（SAMA）鲁班3豪华版 游戏电脑主机箱 竖装显卡配2把20cmRGB风扇Type-c支持E-ATX主板前玻璃铁网切换/详情图/10.jpg\" /> <img src=\"http://localhost:8080/upload/先马（SAMA）鲁班3豪华版 游戏电脑主机箱 竖装显卡配2把20cmRGB风扇Type-c支持E-ATX主板前玻璃铁网切换/详情图/11.jpg\" /> <img src=\"http://localhost:8080/upload/先马（SAMA）鲁班3豪华版 游戏电脑主机箱 竖装显卡配2把20cmRGB风扇Type-c支持E-ATX主板前玻璃铁网切换/详情图/12.jpg\" /> <img src=\"http://localhost:8080/upload/先马（SAMA）鲁班3豪华版 游戏电脑主机箱 竖装显卡配2把20cmRGB风扇Type-c支持E-ATX主板前玻璃铁网切换/详情图/13.jpg\" /> <img src=\"http://localhost:8080/upload/先马（SAMA）鲁班3豪华版 游戏电脑主机箱 竖装显卡配2把20cmRGB风扇Type-c支持E-ATX主板前玻璃铁网切换/详情图/14.jpg\" /> <img src=\"http://localhost:8080/upload/先马（SAMA）鲁班3豪华版 游戏电脑主机箱 竖装显卡配2把20cmRGB风扇Type-c支持E-ATX主板前玻璃铁网切换/详情图/15.jpg\" /> <img src=\"http://localhost:8080/upload/先马（SAMA）鲁班3豪华版 游戏电脑主机箱 竖装显卡配2把20cmRGB风扇Type-c支持E-ATX主板前玻璃铁网切换/详情图/16.jpg\" /><img src=\"http://localhost:8080/upload/先马（SAMA）鲁班3豪华版 游戏电脑主机箱 竖装显卡配2把20cmRGB风扇Type-c支持E-ATX主板前玻璃铁网切换/详情图/17.jpg\" /><img src=\"http://localhost:8080/upload/先马（SAMA）鲁班3豪华版 游戏电脑主机箱 竖装显卡配2把20cmRGB风扇Type-c支持E-ATX主板前玻璃铁网切换/详情图/18.jpg\" /><img src=\"http://localhost:8080/upload/先马（SAMA）鲁班3豪华版 游戏电脑主机箱 竖装显卡配2把20cmRGB风扇Type-c支持E-ATX主板前玻璃铁网切换/详情图/19.jpg\" /><img src=\"http://localhost:8080/upload/先马（SAMA）鲁班3豪华版 游戏电脑主机箱 竖装显卡配2把20cmRGB风扇Type-c支持E-ATX主板前玻璃铁网切换/详情图/20.jpg\" /><img src=\"http://localhost:8080/upload/先马（SAMA）鲁班3豪华版 游戏电脑主机箱 竖装显卡配2把20cmRGB风扇Type-c支持E-ATX主板前玻璃铁网切换/详情图/21.jpg\" /><img src=\"http://localhost:8080/upload/先马（SAMA）鲁班3豪华版 游戏电脑主机箱 竖装显卡配2把20cmRGB风扇Type-c支持E-ATX主板前玻璃铁网切换/详情图/22.jpg\" /><img src=\"http://localhost:8080/upload/先马（SAMA）鲁班3豪华版 游戏电脑主机箱 竖装显卡配2把20cmRGB风扇Type-c支持E-ATX主板前玻璃铁网切换/详情图/23.jpg\" /><img src=\"http://localhost:8080/upload/先马（SAMA）鲁班3豪华版 游戏电脑主机箱 竖装显卡配2把20cmRGB风扇Type-c支持E-ATX主板前玻璃铁网切换/详情图/24.jpg\" />', 399, 399, 1000, '支持7天无理由退货', 0, 0, '2020-03-26 20:13:48', 0, '2020-03-31 01:29:45');
INSERT INTO `tb_hardware_mall_goods_info` VALUES (10925, '金河田（Golden field） 峥嵘MUT1 水冷静音机箱 一体式吃鸡游戏台式电竞电脑 黑色', '强力隔音棉材质,多维静音降噪更全面,标配三个风扇,背部走线,分区散热！', 160, 'http://localhost:8080/upload/20200326_20165650.jpg', 'http://localhost:8080/upload/20200326_20165650.jpg', '<img src=\"http://localhost:8080/upload/金河田（Golden field） 峥嵘MUT1 水冷静音机箱 一体式吃鸡游戏台式电竞电脑 黑色/详情图/1.jpg\" /> <img src=\"http://localhost:8080/upload/金河田（Golden field） 峥嵘MUT1 水冷静音机箱 一体式吃鸡游戏台式电竞电脑 黑色/详情图/2.jpg\" /> <img src=\"http://localhost:8080/upload/金河田（Golden field） 峥嵘MUT1 水冷静音机箱 一体式吃鸡游戏台式电竞电脑 黑色/详情图/3.jpg\" /> <img src=\"http://localhost:8080/upload/金河田（Golden field） 峥嵘MUT1 水冷静音机箱 一体式吃鸡游戏台式电竞电脑 黑色/详情图/4.jpg\" /> <img src=\"http://localhost:8080/upload/金河田（Golden field） 峥嵘MUT1 水冷静音机箱 一体式吃鸡游戏台式电竞电脑 黑色/详情图/5.jpg\" /> <img src=\"http://localhost:8080/upload/金河田（Golden field） 峥嵘MUT1 水冷静音机箱 一体式吃鸡游戏台式电竞电脑 黑色/详情图/6.jpg\" /> <img src=\"http://localhost:8080/upload/金河田（Golden field） 峥嵘MUT1 水冷静音机箱 一体式吃鸡游戏台式电竞电脑 黑色/详情图/7.jpg\" /> <img src=\"http://localhost:8080/upload/金河田（Golden field） 峥嵘MUT1 水冷静音机箱 一体式吃鸡游戏台式电竞电脑 黑色/详情图/8.jpg\" /> <img src=\"http://localhost:8080/upload/金河田（Golden field） 峥嵘MUT1 水冷静音机箱 一体式吃鸡游戏台式电竞电脑 黑色/详情图/9.jpg\" /> <img src=\"http://localhost:8080/upload/金河田（Golden field） 峥嵘MUT1 水冷静音机箱 一体式吃鸡游戏台式电竞电脑 黑色/详情图/10.jpg\" /> <img src=\"http://localhost:8080/upload/金河田（Golden field） 峥嵘MUT1 水冷静音机箱 一体式吃鸡游戏台式电竞电脑 黑色/详情图/11.jpg\" /> <img src=\"http://localhost:8080/upload/金河田（Golden field） 峥嵘MUT1 水冷静音机箱 一体式吃鸡游戏台式电竞电脑 黑色/详情图/12.jpg\" /> <img src=\"http://localhost:8080/upload/金河田（Golden field） 峥嵘MUT1 水冷静音机箱 一体式吃鸡游戏台式电竞电脑 黑色/详情图/13.jpg\" /> <img src=\"http://localhost:8080/upload/金河田（Golden field） 峥嵘MUT1 水冷静音机箱 一体式吃鸡游戏台式电竞电脑 黑色/详情图/14.jpg\" /> <img src=\"http://localhost:8080/upload/金河田（Golden field） 峥嵘MUT1 水冷静音机箱 一体式吃鸡游戏台式电竞电脑 黑色/详情图/15.jpg\" /> <img src=\"http://localhost:8080/upload/金河田（Golden field） 峥嵘MUT1 水冷静音机箱 一体式吃鸡游戏台式电竞电脑 黑色/详情图/16.jpg\" /><img src=\"http://localhost:8080/upload/金河田（Golden field） 峥嵘MUT1 水冷静音机箱 一体式吃鸡游戏台式电竞电脑 黑色/详情图/17.jpg\" /><img src=\"http://localhost:8080/upload/金河田（Golden field） 峥嵘MUT1 水冷静音机箱 一体式吃鸡游戏台式电竞电脑 黑色/详情图/18.jpg\" /><img src=\"http://localhost:8080/upload/金河田（Golden field） 峥嵘MUT1 水冷静音机箱 一体式吃鸡游戏台式电竞电脑 黑色/详情图/19.jpg\" /><img src=\"http://localhost:8080/upload/金河田（Golden field） 峥嵘MUT1 水冷静音机箱 一体式吃鸡游戏台式电竞电脑 黑色/详情图/20.jpg\" /><img src=\"http://localhost:8080/upload/金河田（Golden field） 峥嵘MUT1 水冷静音机箱 一体式吃鸡游戏台式电竞电脑 黑色/详情图/21.jpg\" />', 299, 299, 1000, '支持7天无理由退货', 0, 0, '2020-03-26 20:16:57', 0, '2020-03-31 00:27:32');
INSERT INTO `tb_hardware_mall_goods_info` VALUES (10926, '先马（SAMA）米立方(白) 小板专用迷你游戏电脑机箱U3双SSD背线大侧透平置结构支持高塔CPU散热器双显卡', '【先马破坏神X3新品上市】定金四倍膨胀，活动期间下单赠蓝光风扇一个，加购键鼠套装再返80元E卡', 161, 'http://localhost:8080/upload/20200326_20180744.jpg', 'http://localhost:8080/upload/20200326_20180744.jpg', '<img src=\"http://localhost:8080/upload/先马（SAMA）米立方(白) 小板专用迷你游戏电脑机箱U3双SSD背线大侧透平置结构支持高塔CPU散热器双显卡/详情图/1.jpg\" /> <img src=\"http://localhost:8080/upload/先马（SAMA）米立方(白) 小板专用迷你游戏电脑机箱U3双SSD背线大侧透平置结构支持高塔CPU散热器双显卡/详情图/2.jpg\" /> <img src=\"http://localhost:8080/upload/先马（SAMA）米立方(白) 小板专用迷你游戏电脑机箱U3双SSD背线大侧透平置结构支持高塔CPU散热器双显卡/详情图/3.jpg\" /> <img src=\"http://localhost:8080/upload/先马（SAMA）米立方(白) 小板专用迷你游戏电脑机箱U3双SSD背线大侧透平置结构支持高塔CPU散热器双显卡/详情图/4.jpg\" /> <img src=\"http://localhost:8080/upload/先马（SAMA）米立方(白) 小板专用迷你游戏电脑机箱U3双SSD背线大侧透平置结构支持高塔CPU散热器双显卡/详情图/5.jpg\" /> <img src=\"http://localhost:8080/upload/先马（SAMA）米立方(白) 小板专用迷你游戏电脑机箱U3双SSD背线大侧透平置结构支持高塔CPU散热器双显卡/详情图/6.jpg\" /> <img src=\"http://localhost:8080/upload/先马（SAMA）米立方(白) 小板专用迷你游戏电脑机箱U3双SSD背线大侧透平置结构支持高塔CPU散热器双显卡/详情图/7.jpg\" /> <img src=\"http://localhost:8080/upload/先马（SAMA）米立方(白) 小板专用迷你游戏电脑机箱U3双SSD背线大侧透平置结构支持高塔CPU散热器双显卡/详情图/8.jpg\" /> <img src=\"http://localhost:8080/upload/先马（SAMA）米立方(白) 小板专用迷你游戏电脑机箱U3双SSD背线大侧透平置结构支持高塔CPU散热器双显卡/详情图/9.jpg\" /> <img src=\"http://localhost:8080/upload/先马（SAMA）米立方(白) 小板专用迷你游戏电脑机箱U3双SSD背线大侧透平置结构支持高塔CPU散热器双显卡/详情图/10.jpg\" /> <img src=\"http://localhost:8080/upload/先马（SAMA）米立方(白) 小板专用迷你游戏电脑机箱U3双SSD背线大侧透平置结构支持高塔CPU散热器双显卡/详情图/11.jpg\" /> <img src=\"http://localhost:8080/upload/先马（SAMA）米立方(白) 小板专用迷你游戏电脑机箱U3双SSD背线大侧透平置结构支持高塔CPU散热器双显卡/详情图/12.jpg\" /> <img src=\"http://localhost:8080/upload/先马（SAMA）米立方(白) 小板专用迷你游戏电脑机箱U3双SSD背线大侧透平置结构支持高塔CPU散热器双显卡/详情图/13.jpg\" /> <img src=\"http://localhost:8080/upload/先马（SAMA）米立方(白) 小板专用迷你游戏电脑机箱U3双SSD背线大侧透平置结构支持高塔CPU散热器双显卡/详情图/14.jpg\" /> <img src=\"http://localhost:8080/upload/先马（SAMA）米立方(白) 小板专用迷你游戏电脑机箱U3双SSD背线大侧透平置结构支持高塔CPU散热器双显卡/详情图/15.jpg\" /> <img src=\"http://localhost:8080/upload/先马（SAMA）米立方(白) 小板专用迷你游戏电脑机箱U3双SSD背线大侧透平置结构支持高塔CPU散热器双显卡/详情图/16.jpg\" /><img src=\"http://localhost:8080/upload/先马（SAMA）米立方(白) 小板专用迷你游戏电脑机箱U3双SSD背线大侧透平置结构支持高塔CPU散热器双显卡/详情图/17.jpg\" /><img src=\"http://localhost:8080/upload/先马（SAMA）米立方(白) 小板专用迷你游戏电脑机箱U3双SSD背线大侧透平置结构支持高塔CPU散热器双显卡/详情图/18.jpg\" /><img src=\"http://localhost:8080/upload/先马（SAMA）米立方(白) 小板专用迷你游戏电脑机箱U3双SSD背线大侧透平置结构支持高塔CPU散热器双显卡/详情图/19.jpg\" />', 179, 179, 1000, '支持7天无理由退货', 0, 0, '2020-03-26 20:18:08', 0, '2020-03-31 01:31:23');
INSERT INTO `tb_hardware_mall_goods_info` VALUES (10927, '金河田（Golden field）魅放Mate4S铝合金迷你电脑机箱 钢化玻璃侧透台式小主机箱（ATX/MATX/MINI-ITX主板）', '魅放、不仅是颜值、支持ATX、全铝合金结构、钢化玻璃大侧透、可装风扇强散热！', 162, 'http://localhost:8080/upload/20200326_20192339.jpg', 'http://localhost:8080/upload/20200326_20192339.jpg', '<img src=\"http://localhost:8080/upload/金河田（Golden field）魅放Mate4S铝合金迷你电脑机箱 钢化玻璃侧透台式小主机箱（ATXMATXMINI-ITX主板）/详情图/2.jpg\" /> <img src=\"http://localhost:8080/upload/金河田（Golden field）魅放Mate4S铝合金迷你电脑机箱 钢化玻璃侧透台式小主机箱（ATXMATXMINI-ITX主板）/详情图/3.jpg\" /> <img src=\"http://localhost:8080/upload/金河田（Golden field）魅放Mate4S铝合金迷你电脑机箱 钢化玻璃侧透台式小主机箱（ATXMATXMINI-ITX主板）/详情图/4.jpg\" /> <img src=\"http://localhost:8080/upload/金河田（Golden field）魅放Mate4S铝合金迷你电脑机箱 钢化玻璃侧透台式小主机箱（ATXMATXMINI-ITX主板）/详情图/5.jpg\" /> <img src=\"http://localhost:8080/upload/金河田（Golden field）魅放Mate4S铝合金迷你电脑机箱 钢化玻璃侧透台式小主机箱（ATXMATXMINI-ITX主板）/详情图/6.jpg\" /> <img src=\"http://localhost:8080/upload/金河田（Golden field）魅放Mate4S铝合金迷你电脑机箱 钢化玻璃侧透台式小主机箱（ATXMATXMINI-ITX主板）/详情图/7.jpg\" /> <img src=\"http://localhost:8080/upload/金河田（Golden field）魅放Mate4S铝合金迷你电脑机箱 钢化玻璃侧透台式小主机箱（ATXMATXMINI-ITX主板）/详情图/8.jpg\" /> <img src=\"http://localhost:8080/upload/金河田（Golden field）魅放Mate4S铝合金迷你电脑机箱 钢化玻璃侧透台式小主机箱（ATXMATXMINI-ITX主板）/详情图/9.jpg\" /> <img src=\"http://localhost:8080/upload/金河田（Golden field）魅放Mate4S铝合金迷你电脑机箱 钢化玻璃侧透台式小主机箱（ATXMATXMINI-ITX主板）/详情图/10.jpg\" /> <img src=\"http://localhost:8080/upload/金河田（Golden field）魅放Mate4S铝合金迷你电脑机箱 钢化玻璃侧透台式小主机箱（ATXMATXMINI-ITX主板）/详情图/11.jpg\" /> <img src=\"http://localhost:8080/upload/金河田（Golden field）魅放Mate4S铝合金迷你电脑机箱 钢化玻璃侧透台式小主机箱（ATXMATXMINI-ITX主板）/详情图/12.jpg\" /> <img src=\"http://localhost:8080/upload/金河田（Golden field）魅放Mate4S铝合金迷你电脑机箱 钢化玻璃侧透台式小主机箱（ATXMATXMINI-ITX主板）/详情图/13.jpg\" /> <img src=\"http://localhost:8080/upload/金河田（Golden field）魅放Mate4S铝合金迷你电脑机箱 钢化玻璃侧透台式小主机箱（ATXMATXMINI-ITX主板）/详情图/14.jpg\" /> <img src=\"http://localhost:8080/upload/金河田（Golden field）魅放Mate4S铝合金迷你电脑机箱 钢化玻璃侧透台式小主机箱（ATXMATXMINI-ITX主板）/详情图/15.jpg\" /> <img src=\"http://localhost:8080/upload/金河田（Golden field）魅放Mate4S铝合金迷你电脑机箱 钢化玻璃侧透台式小主机箱（ATXMATXMINI-ITX主板）/详情图/16.jpg\" /><img src=\"http://localhost:8080/upload/金河田（Golden field）魅放Mate4S铝合金迷你电脑机箱 钢化玻璃侧透台式小主机箱（ATXMATXMINI-ITX主板）/详情图/17.jpg\" /><img src=\"http://localhost:8080/upload/金河田（Golden field）魅放Mate4S铝合金迷你电脑机箱 钢化玻璃侧透台式小主机箱（ATXMATXMINI-ITX主板）/详情图/18.jpg\" /><img src=\"http://localhost:8080/upload/金河田（Golden field）魅放Mate4S铝合金迷你电脑机箱 钢化玻璃侧透台式小主机箱（ATXMATXMINI-ITX主板）/详情图/19.jpg\" /><img src=\"http://localhost:8080/upload/金河田（Golden field）魅放Mate4S铝合金迷你电脑机箱 钢化玻璃侧透台式小主机箱（ATXMATXMINI-ITX主板）/详情图/20.jpg\" /><img src=\"http://localhost:8080/upload/金河田（Golden field）魅放Mate4S铝合金迷你电脑机箱 钢化玻璃侧透台式小主机箱（ATXMATXMINI-ITX主板）/详情图/21.jpg\" /><img src=\"http://localhost:8080/upload/金河田（Golden field）魅放Mate4S铝合金迷你电脑机箱 钢化玻璃侧透台式小主机箱（ATXMATXMINI-ITX主板）/详情图/22.jpg\" /><img src=\"http://localhost:8080/upload/金河田（Golden field）魅放Mate4S铝合金迷你电脑机箱 钢化玻璃侧透台式小主机箱（ATXMATXMINI-ITX主板）/详情图/23.jpg\" />', 399, 399, 1000, '支持7天无理由退货', 0, 0, '2020-03-26 20:19:24', 0, '2020-03-31 00:30:53');
INSERT INTO `tb_hardware_mall_goods_info` VALUES (10928, '先马（SAMA）金牌500W 额定功率500W 台式电脑主机箱电源 80PLUS金牌/全电压/LLC谐振电路/固态电容/三年质保', '【好评如潮，金牌电源】通过80plus金牌认证，LLC谐振设计，稳定高效，经久耐用！', 166, 'http://localhost:8080/upload/20200326_20234634.jpg', 'http://localhost:8080/upload/20200326_20234634.jpg', '<img src=\"http://localhost:8080/upload/先马（SAMA）金牌500W 额定功率500W 台式电脑主机箱电源 80PLUS金牌全电压LLC谐振电路固态电容三年质保/详情图/1.jpg\" /> <img src=\"http://localhost:8080/upload/先马（SAMA）金牌500W 额定功率500W 台式电脑主机箱电源 80PLUS金牌全电压LLC谐振电路固态电容三年质保/详情图/2.jpg\" /> <img src=\"http://localhost:8080/upload/先马（SAMA）金牌500W 额定功率500W 台式电脑主机箱电源 80PLUS金牌全电压LLC谐振电路固态电容三年质保/详情图/3.jpg\" /> <img src=\"http://localhost:8080/upload/先马（SAMA）金牌500W 额定功率500W 台式电脑主机箱电源 80PLUS金牌全电压LLC谐振电路固态电容三年质保/详情图/4.jpg\" /> <img src=\"http://localhost:8080/upload/先马（SAMA）金牌500W 额定功率500W 台式电脑主机箱电源 80PLUS金牌全电压LLC谐振电路固态电容三年质保/详情图/5.jpg\" /> <img src=\"http://localhost:8080/upload/先马（SAMA）金牌500W 额定功率500W 台式电脑主机箱电源 80PLUS金牌全电压LLC谐振电路固态电容三年质保/详情图/6.jpg\" /> <img src=\"http://localhost:8080/upload/先马（SAMA）金牌500W 额定功率500W 台式电脑主机箱电源 80PLUS金牌全电压LLC谐振电路固态电容三年质保/详情图/7.jpg\" /> <img src=\"http://localhost:8080/upload/先马（SAMA）金牌500W 额定功率500W 台式电脑主机箱电源 80PLUS金牌全电压LLC谐振电路固态电容三年质保/详情图/8.jpg\" /> <img src=\"http://localhost:8080/upload/先马（SAMA）金牌500W 额定功率500W 台式电脑主机箱电源 80PLUS金牌全电压LLC谐振电路固态电容三年质保/详情图/9.jpg\" /> <img src=\"http://localhost:8080/upload/先马（SAMA）金牌500W 额定功率500W 台式电脑主机箱电源 80PLUS金牌全电压LLC谐振电路固态电容三年质保/详情图/10.jpg\" /> <img src=\"http://localhost:8080/upload/先马（SAMA）金牌500W 额定功率500W 台式电脑主机箱电源 80PLUS金牌全电压LLC谐振电路固态电容三年质保/详情图/11.jpg\" /> <img src=\"http://localhost:8080/upload/先马（SAMA）金牌500W 额定功率500W 台式电脑主机箱电源 80PLUS金牌全电压LLC谐振电路固态电容三年质保/详情图/12.jpg\" /> <img src=\"http://localhost:8080/upload/先马（SAMA）金牌500W 额定功率500W 台式电脑主机箱电源 80PLUS金牌全电压LLC谐振电路固态电容三年质保/详情图/13.jpg\" /> <img src=\"http://localhost:8080/upload/先马（SAMA）金牌500W 额定功率500W 台式电脑主机箱电源 80PLUS金牌全电压LLC谐振电路固态电容三年质保/详情图/14.jpg\" /> <img src=\"http://localhost:8080/upload/先马（SAMA）金牌500W 额定功率500W 台式电脑主机箱电源 80PLUS金牌全电压LLC谐振电路固态电容三年质保/详情图/15.jpg\" /> <img src=\"http://localhost:8080/upload/先马（SAMA）金牌500W 额定功率500W 台式电脑主机箱电源 80PLUS金牌全电压LLC谐振电路固态电容三年质保/详情图/16.jpg\" /><img src=\"http://localhost:8080/upload/先马（SAMA）金牌500W 额定功率500W 台式电脑主机箱电源 80PLUS金牌全电压LLC谐振电路固态电容三年质保/详情图/17.jpg\" /><img src=\"http://localhost:8080/upload/先马（SAMA）金牌500W 额定功率500W 台式电脑主机箱电源 80PLUS金牌全电压LLC谐振电路固态电容三年质保/详情图/18.jpg\" /><img src=\"http://localhost:8080/upload/先马（SAMA）金牌500W 额定功率500W 台式电脑主机箱电源 80PLUS金牌全电压LLC谐振电路固态电容三年质保/详情图/19.jpg\" /><img src=\"http://localhost:8080/upload/先马（SAMA）金牌500W 额定功率500W 台式电脑主机箱电源 80PLUS金牌全电压LLC谐振电路固态电容三年质保/详情图/20.jpg\" /><img src=\"http://localhost:8080/upload/先马（SAMA）金牌500W 额定功率500W 台式电脑主机箱电源 80PLUS金牌全电压LLC谐振电路固态电容三年质保/详情图/21.jpg\" /><img src=\"http://localhost:8080/upload/先马（SAMA）金牌500W 额定功率500W 台式电脑主机箱电源 80PLUS金牌全电压LLC谐振电路固态电容三年质保/详情图/22.jpg\" /><img src=\"http://localhost:8080/upload/先马（SAMA）金牌500W 额定功率500W 台式电脑主机箱电源 80PLUS金牌全电压LLC谐振电路固态电容三年质保/详情图/23.jpg\" /><img src=\"http://localhost:8080/upload/先马（SAMA）金牌500W 额定功率500W 台式电脑主机箱电源 80PLUS金牌全电压LLC谐振电路固态电容三年质保/详情图/24.jpg\" />', 269, 269, 1000, '支持7天无理由退货', 0, 0, '2020-03-26 20:23:47', 0, '2020-03-31 01:28:38');
INSERT INTO `tb_hardware_mall_goods_info` VALUES (10929, '首席玩家（1st player）额定400W DK4.0铜牌 电源（80PLUS铜牌/日系主电容/全电压/12CM静音风扇）', '额定400W中较少见的80PLUS铜牌认证，转化效率甚至高达87%左右，日系主电容，单路强劲12V设计，全电压90V~264V宽幅', 167, 'http://localhost:8080/upload/20200326_20255081.jpg', 'http://localhost:8080/upload/20200326_20255081.jpg', '&nbsp;', 169, 169, 1000, '支持7天无理由退货', 0, 0, '2020-03-26 20:25:51', 0, '2020-03-26 20:25:51');
INSERT INTO `tb_hardware_mall_goods_info` VALUES (10930, '酷冷至尊(CoolerMaster)额定500W MWE500机箱电源(80PLUS铜牌/DCtoDC架构/日系固态电容/静音/台式机电源)', '单路12V输出，五年质保，负载效率达到85%，风扇安静稳定！', 168, 'http://localhost:8080/upload/20200326_20273589.jpg', 'http://localhost:8080/upload/20200326_20273589.jpg', '&nbsp;', 299, 299, 1000, '支持7天无理由退货', 0, 0, '2020-03-26 20:27:36', 0, '2020-03-26 20:27:36');
INSERT INTO `tb_hardware_mall_goods_info` VALUES (10931, '雷蛇(Razer) 蝰蛇标准版 鼠标 有线鼠标 游戏鼠标 人体工程学 电竞 黑色 6400DPI lol吃鸡神器cf', '【双剑合璧】雷蛇小蜘蛛背光机械键盘&毒蝰迷你RGB鼠标8500DPI，套装购买更优惠！', 174, 'http://localhost:8080/upload/20200326_20290885.jpg', 'http://localhost:8080/upload/20200326_20290885.jpg', '<img src=\"http://localhost:8080/upload/雷蛇(Razer) 蝰蛇标准版 鼠标 有线鼠标 游戏鼠标 人体工程学 电竞 黑色 6400DPI lol吃鸡神器cf/详情图/1.jpg\" /> <img src=\"http://localhost:8080/upload/雷蛇(Razer) 蝰蛇标准版 鼠标 有线鼠标 游戏鼠标 人体工程学 电竞 黑色 6400DPI lol吃鸡神器cf/详情图/2.jpg\" /> <img src=\"http://localhost:8080/upload/雷蛇(Razer) 蝰蛇标准版 鼠标 有线鼠标 游戏鼠标 人体工程学 电竞 黑色 6400DPI lol吃鸡神器cf/详情图/3.jpg\" /> <img src=\"http://localhost:8080/upload/雷蛇(Razer) 蝰蛇标准版 鼠标 有线鼠标 游戏鼠标 人体工程学 电竞 黑色 6400DPI lol吃鸡神器cf/详情图/4.jpg\" /> <img src=\"http://localhost:8080/upload/雷蛇(Razer) 蝰蛇标准版 鼠标 有线鼠标 游戏鼠标 人体工程学 电竞 黑色 6400DPI lol吃鸡神器cf/详情图/5.jpg\" /> <img src=\"http://localhost:8080/upload/雷蛇(Razer) 蝰蛇标准版 鼠标 有线鼠标 游戏鼠标 人体工程学 电竞 黑色 6400DPI lol吃鸡神器cf/详情图/6.jpg\" /> <img src=\"http://localhost:8080/upload/雷蛇(Razer) 蝰蛇标准版 鼠标 有线鼠标 游戏鼠标 人体工程学 电竞 黑色 6400DPI lol吃鸡神器cf/详情图/7.jpg\" /> <img src=\"http://localhost:8080/upload/雷蛇(Razer) 蝰蛇标准版 鼠标 有线鼠标 游戏鼠标 人体工程学 电竞 黑色 6400DPI lol吃鸡神器cf/详情图/8.jpg\" /> <img src=\"http://localhost:8080/upload/雷蛇(Razer) 蝰蛇标准版 鼠标 有线鼠标 游戏鼠标 人体工程学 电竞 黑色 6400DPI lol吃鸡神器cf/详情图/9.jpg\" /> <img src=\"http://localhost:8080/upload/雷蛇(Razer) 蝰蛇标准版 鼠标 有线鼠标 游戏鼠标 人体工程学 电竞 黑色 6400DPI lol吃鸡神器cf/详情图/10.jpg\" /> <img src=\"http://localhost:8080/upload/雷蛇(Razer) 蝰蛇标准版 鼠标 有线鼠标 游戏鼠标 人体工程学 电竞 黑色 6400DPI lol吃鸡神器cf/详情图/11.jpg\" /> <img src=\"http://localhost:8080/upload/雷蛇(Razer) 蝰蛇标准版 鼠标 有线鼠标 游戏鼠标 人体工程学 电竞 黑色 6400DPI lol吃鸡神器cf/详情图/12.jpg\" /> <img src=\"http://localhost:8080/upload/雷蛇(Razer) 蝰蛇标准版 鼠标 有线鼠标 游戏鼠标 人体工程学 电竞 黑色 6400DPI lol吃鸡神器cf/详情图/13.jpg\" /> <img src=\"http://localhost:8080/upload/雷蛇(Razer) 蝰蛇标准版 鼠标 有线鼠标 游戏鼠标 人体工程学 电竞 黑色 6400DPI lol吃鸡神器cf/详情图/14.jpg\" /> <img src=\"http://localhost:8080/upload/雷蛇(Razer) 蝰蛇标准版 鼠标 有线鼠标 游戏鼠标 人体工程学 电竞 黑色 6400DPI lol吃鸡神器cf/详情图/15.jpg\" /> <img src=\"http://localhost:8080/upload/雷蛇(Razer) 蝰蛇标准版 鼠标 有线鼠标 游戏鼠标 人体工程学 电竞 黑色 6400DPI lol吃鸡神器cf/详情图/16.jpg\" /><img src=\"http://localhost:8080/upload/雷蛇(Razer) 蝰蛇标准版 鼠标 有线鼠标 游戏鼠标 人体工程学 电竞 黑色 6400DPI lol吃鸡神器cf/详情图/17.jpg\" /><img src=\"http://localhost:8080/upload/雷蛇(Razer) 蝰蛇标准版 鼠标 有线鼠标 游戏鼠标 人体工程学 电竞 黑色 6400DPI lol吃鸡神器cf/详情图/18.jpg\" /><img src=\"http://localhost:8080/upload/雷蛇(Razer) 蝰蛇标准版 鼠标 有线鼠标 游戏鼠标 人体工程学 电竞 黑色 6400DPI lol吃鸡神器cf/详情图/19.jpg\" /><img src=\"http://localhost:8080/upload/雷蛇(Razer) 蝰蛇标准版 鼠标 有线鼠标 游戏鼠标 人体工程学 电竞 黑色 6400DPI lol吃鸡神器cf/详情图/20.jpg\" /><img src=\"http://localhost:8080/upload/雷蛇(Razer) 蝰蛇标准版 鼠标 有线鼠标 游戏鼠标 人体工程学 电竞 黑色 6400DPI lol吃鸡神器cf/详情图/21.jpg\" /><img src=\"http://localhost:8080/upload/雷蛇(Razer) 蝰蛇标准版 鼠标 有线鼠标 游戏鼠标 人体工程学 电竞 黑色 6400DPI lol吃鸡神器cf/详情图/22.jpg\" /><img src=\"http://localhost:8080/upload/雷蛇(Razer) 蝰蛇标准版 鼠标 有线鼠标 游戏鼠标 人体工程学 电竞 黑色 6400DPI lol吃鸡神器cf/详情图/23.jpg\" /><img src=\"http://localhost:8080/upload/雷蛇(Razer) 蝰蛇标准版 鼠标 有线鼠标 游戏鼠标 人体工程学 电竞 黑色 6400DPI lol吃鸡神器cf/详情图/24.jpg\" />', 149, 149, 1000, '支持7天无理由退货', 0, 0, '2020-03-26 20:29:09', 0, '2020-03-31 01:34:34');
INSERT INTO `tb_hardware_mall_goods_info` VALUES (10932, '戴尔（DELL）MS116 有线鼠标 商务办公鼠标（黑色）', '商务办公USB接口经典有线鼠标，即插即用，光电感应芯片定位更准，人体工程学设计更加舒适', 175, 'http://localhost:8080/upload/20200326_20302093.jpg', 'http://localhost:8080/upload/20200326_20302093.jpg', '<img src=\"http://localhost:8080/upload/戴尔（DELL）MS116 有线鼠标 商务办公鼠标（黑色）/详情图/1.jpg\" /> <img src=\"http://localhost:8080/upload/戴尔（DELL）MS116 有线鼠标 商务办公鼠标（黑色）/详情图/2.jpg\" /> <img src=\"http://localhost:8080/upload/戴尔（DELL）MS116 有线鼠标 商务办公鼠标（黑色）/详情图/3.jpg\" /> <img src=\"http://localhost:8080/upload/戴尔（DELL）MS116 有线鼠标 商务办公鼠标（黑色）/详情图/4.jpg\" /> <img src=\"http://localhost:8080/upload/戴尔（DELL）MS116 有线鼠标 商务办公鼠标（黑色）/详情图/5.jpg\" /> <img src=\"http://localhost:8080/upload/戴尔（DELL）MS116 有线鼠标 商务办公鼠标（黑色）/详情图/6.jpg\" /> <img src=\"http://localhost:8080/upload/戴尔（DELL）MS116 有线鼠标 商务办公鼠标（黑色）/详情图/7.jpg\" /> <img src=\"http://localhost:8080/upload/戴尔（DELL）MS116 有线鼠标 商务办公鼠标（黑色）/详情图/8.jpg\" /> <img src=\"http://localhost:8080/upload/戴尔（DELL）MS116 有线鼠标 商务办公鼠标（黑色）/详情图/9.jpg\" /> <img src=\"http://localhost:8080/upload/戴尔（DELL）MS116 有线鼠标 商务办公鼠标（黑色）/详情图/10.jpg\" /> <img src=\"http://localhost:8080/upload/戴尔（DELL）MS116 有线鼠标 商务办公鼠标（黑色）/详情图/11.jpg\" /> <img src=\"http://localhost:8080/upload/戴尔（DELL）MS116 有线鼠标 商务办公鼠标（黑色）/详情图/12.jpg\" /> <img src=\"http://localhost:8080/upload/戴尔（DELL）MS116 有线鼠标 商务办公鼠标（黑色）/详情图/13.jpg\" /> <img src=\"http://localhost:8080/upload/戴尔（DELL）MS116 有线鼠标 商务办公鼠标（黑色）/详情图/14.jpg\" /> <img src=\"http://localhost:8080/upload/戴尔（DELL）MS116 有线鼠标 商务办公鼠标（黑色）/详情图/15.jpg\" /> <img src=\"http://localhost:8080/upload/戴尔（DELL）MS116 有线鼠标 商务办公鼠标（黑色）/详情图/16.jpg\" /><img src=\"http://localhost:8080/upload/戴尔（DELL）MS116 有线鼠标 商务办公鼠标（黑色）/详情图/17.jpg\" /><img src=\"http://localhost:8080/upload/戴尔（DELL）MS116 有线鼠标 商务办公鼠标（黑色）/详情图/18.jpg\" />', 23, 23, 1000, '支持7天无理由退货', 0, 0, '2020-03-26 20:30:21', 0, '2020-03-31 00:57:01');
INSERT INTO `tb_hardware_mall_goods_info` VALUES (10933, '樱桃（Cherry）MX1.0 G80-3814LSAEU-2 机械键盘 有线键盘 游戏键盘 87键RGB背光机械键盘 黑色 青轴', 'MX1.0系列，全键无冲,87/108键，无光/白光/rgb彩光可选', 176, 'http://localhost:8080/upload/20200326_20315738.jpg', 'http://localhost:8080/upload/20200326_20315738.jpg', '<img src=\"http://localhost:8080/upload/樱桃（Cherry）MX1.0G80-3814LSAEU-2机械键盘/详情图/1.jpg\" /> <img src=\"http://localhost:8080/upload/樱桃（Cherry）MX1.0G80-3814LSAEU-2机械键盘/详情图/2.jpg\" /> <img src=\"http://localhost:8080/upload/樱桃（Cherry）MX1.0G80-3814LSAEU-2机械键盘/详情图/3.jpg\" /> <img src=\"http://localhost:8080/upload/樱桃（Cherry）MX1.0G80-3814LSAEU-2机械键盘/详情图/4.jpg\" /> <img src=\"http://localhost:8080/upload/樱桃（Cherry）MX1.0G80-3814LSAEU-2机械键盘/详情图/5.jpg\" /> <img src=\"http://localhost:8080/upload/樱桃（Cherry）MX1.0G80-3814LSAEU-2机械键盘/详情图/6.jpg\" /> <img src=\"http://localhost:8080/upload/樱桃（Cherry）MX1.0G80-3814LSAEU-2机械键盘/详情图/7.jpg\" /> <img src=\"http://localhost:8080/upload/樱桃（Cherry）MX1.0G80-3814LSAEU-2机械键盘/详情图/8.jpg\" /> <img src=\"http://localhost:8080/upload/樱桃（Cherry）MX1.0G80-3814LSAEU-2机械键盘/详情图/9.jpg\" /> <img src=\"http://localhost:8080/upload/樱桃（Cherry）MX1.0G80-3814LSAEU-2机械键盘/详情图/10.jpg\" /> <img src=\"http://localhost:8080/upload/樱桃（Cherry）MX1.0G80-3814LSAEU-2机械键盘/详情图/11.jpg\" /> <img src=\"http://localhost:8080/upload/樱桃（Cherry）MX1.0G80-3814LSAEU-2机械键盘/详情图/12.jpg\" /> <img src=\"http://localhost:8080/upload/樱桃（Cherry）MX1.0G80-3814LSAEU-2机械键盘/详情图/13.jpg\" /> <img src=\"http://localhost:8080/upload/樱桃（Cherry）MX1.0G80-3814LSAEU-2机械键盘/详情图/14.jpg\" /> <img src=\"http://localhost:8080/upload/樱桃（Cherry）MX1.0G80-3814LSAEU-2机械键盘/详情图/15.jpg\" /> <img src=\"http://localhost:8080/upload/樱桃（Cherry）MX1.0G80-3814LSAEU-2机械键盘/详情图/16.jpg\" /><img src=\"http://localhost:8080/upload/樱桃（Cherry）MX1.0G80-3814LSAEU-2机械键盘/详情图/17.jpg\" /><img src=\"http://localhost:8080/upload/樱桃（Cherry）MX1.0G80-3814LSAEU-2机械键盘/详情图/18.jpg\" /><img src=\"http://localhost:8080/upload/樱桃（Cherry）MX1.0G80-3814LSAEU-2机械键盘/详情图/19.jpg\" /><img src=\"http://localhost:8080/upload/樱桃（Cherry）MX1.0G80-3814LSAEU-2机械键盘/详情图/20.jpg\" /><img src=\"http://localhost:8080/upload/樱桃（Cherry）MX1.0G80-3814LSAEU-2机械键盘/详情图/21.jpg\" /><img src=\"http://localhost:8080/upload/樱桃（Cherry）MX1.0G80-3814LSAEU-2机械键盘/详情图/22.jpg\" /><img src=\"http://localhost:8080/upload/樱桃（Cherry）MX1.0G80-3814LSAEU-2机械键盘/详情图/23.jpg\" /><img src=\"http://localhost:8080/upload/樱桃（Cherry）MX1.0G80-3814LSAEU-2机械键盘/详情图/24.jpg\" />', 679, 679, 1000, '支持7天无理由退货', 0, 0, '2020-03-26 20:31:58', 0, '2020-03-31 01:11:40');
INSERT INTO `tb_hardware_mall_goods_info` VALUES (10934, '灵蛇（LINGSHE）有线单键盘USB笔记本台式电脑一体机通用办公单键盘K200黑色', '此商品即将结束闪购特卖', 121, 'http://localhost:8080/upload/20200326_20335693.jpg', 'http://localhost:8080/upload/20200326_20335693.jpg', '<img src=\"http://localhost:8080/upload/灵蛇（LINGSHE）有线单键盘USB笔记本台式电脑一体机通用办公单键盘K200黑色/详情图/1.jpg\" /> <img src=\"http://localhost:8080/upload/灵蛇（LINGSHE）有线单键盘USB笔记本台式电脑一体机通用办公单键盘K200黑色/详情图/2.jpg\" /> <img src=\"http://localhost:8080/upload/灵蛇（LINGSHE）有线单键盘USB笔记本台式电脑一体机通用办公单键盘K200黑色/详情图/3.jpg\" /> <img src=\"http://localhost:8080/upload/灵蛇（LINGSHE）有线单键盘USB笔记本台式电脑一体机通用办公单键盘K200黑色/详情图/4.jpg\" /> <img src=\"http://localhost:8080/upload/灵蛇（LINGSHE）有线单键盘USB笔记本台式电脑一体机通用办公单键盘K200黑色/详情图/5.jpg\" /> <img src=\"http://localhost:8080/upload/灵蛇（LINGSHE）有线单键盘USB笔记本台式电脑一体机通用办公单键盘K200黑色/详情图/6.jpg\" /> <img src=\"http://localhost:8080/upload/灵蛇（LINGSHE）有线单键盘USB笔记本台式电脑一体机通用办公单键盘K200黑色/详情图/7.jpg\" /> <img src=\"http://localhost:8080/upload/灵蛇（LINGSHE）有线单键盘USB笔记本台式电脑一体机通用办公单键盘K200黑色/详情图/8.jpg\" /> <img src=\"http://localhost:8080/upload/灵蛇（LINGSHE）有线单键盘USB笔记本台式电脑一体机通用办公单键盘K200黑色/详情图/9.jpg\" /> <img src=\"http://localhost:8080/upload/灵蛇（LINGSHE）有线单键盘USB笔记本台式电脑一体机通用办公单键盘K200黑色/详情图/10.jpg\" />', 17, 17, 999, '支持7天无理由退货', 0, 0, '2020-03-26 20:33:57', 0, '2020-03-31 01:35:39');
INSERT INTO `tb_hardware_mall_goods_info` VALUES (10935, '三星（SAMSUNG）23.8英寸 爱眼不闪屏滤蓝光 可壁挂 FreeSync 液晶电脑显示器 S24R352FHC（HDMI接口）', '【窄边框IPS技术新品,内置HDMI线！】', 178, 'http://localhost:8080/upload/20200326_2035566.jpg', 'http://localhost:8080/upload/20200326_2035566.jpg', '<img src=\"http://localhost:8080/upload/三星（SAMSUNG）23.8英寸 爱眼不闪屏滤蓝光 可壁挂 FreeSync 液晶电脑显示器 S24R352FHC（HDMI接口）/详情图/1.jpg\" /> <img src=\"http://localhost:8080/upload/三星（SAMSUNG）23.8英寸 爱眼不闪屏滤蓝光 可壁挂 FreeSync 液晶电脑显示器 S24R352FHC（HDMI接口）/详情图/2.jpg\" /> <img src=\"http://localhost:8080/upload/三星（SAMSUNG）23.8英寸 爱眼不闪屏滤蓝光 可壁挂 FreeSync 液晶电脑显示器 S24R352FHC（HDMI接口）/详情图/3.jpg\" /> <img src=\"http://localhost:8080/upload/三星（SAMSUNG）23.8英寸 爱眼不闪屏滤蓝光 可壁挂 FreeSync 液晶电脑显示器 S24R352FHC（HDMI接口）/详情图/4.jpg\" /> <img src=\"http://localhost:8080/upload/三星（SAMSUNG）23.8英寸 爱眼不闪屏滤蓝光 可壁挂 FreeSync 液晶电脑显示器 S24R352FHC（HDMI接口）/详情图/5.jpg\" /> <img src=\"http://localhost:8080/upload/三星（SAMSUNG）23.8英寸 爱眼不闪屏滤蓝光 可壁挂 FreeSync 液晶电脑显示器 S24R352FHC（HDMI接口）/详情图/6.jpg\" /> <img src=\"http://localhost:8080/upload/三星（SAMSUNG）23.8英寸 爱眼不闪屏滤蓝光 可壁挂 FreeSync 液晶电脑显示器 S24R352FHC（HDMI接口）/详情图/7.jpg\" /> <img src=\"http://localhost:8080/upload/三星（SAMSUNG）23.8英寸 爱眼不闪屏滤蓝光 可壁挂 FreeSync 液晶电脑显示器 S24R352FHC（HDMI接口）/详情图/8.jpg\" /> <img src=\"http://localhost:8080/upload/三星（SAMSUNG）23.8英寸 爱眼不闪屏滤蓝光 可壁挂 FreeSync 液晶电脑显示器 S24R352FHC（HDMI接口）/详情图/9.jpg\" /> <img src=\"http://localhost:8080/upload/三星（SAMSUNG）23.8英寸 爱眼不闪屏滤蓝光 可壁挂 FreeSync 液晶电脑显示器 S24R352FHC（HDMI接口）/详情图/10.jpg\" /> <img src=\"http://localhost:8080/upload/三星（SAMSUNG）23.8英寸 爱眼不闪屏滤蓝光 可壁挂 FreeSync 液晶电脑显示器 S24R352FHC（HDMI接口）/详情图/11.jpg\" /> <img src=\"http://localhost:8080/upload/三星（SAMSUNG）23.8英寸 爱眼不闪屏滤蓝光 可壁挂 FreeSync 液晶电脑显示器 S24R352FHC（HDMI接口）/详情图/12.jpg\" /> <img src=\"http://localhost:8080/upload/三星（SAMSUNG）23.8英寸 爱眼不闪屏滤蓝光 可壁挂 FreeSync 液晶电脑显示器 S24R352FHC（HDMI接口）/详情图/13.jpg\" /> <img src=\"http://localhost:8080/upload/三星（SAMSUNG）23.8英寸 爱眼不闪屏滤蓝光 可壁挂 FreeSync 液晶电脑显示器 S24R352FHC（HDMI接口）/详情图/14.jpg\" /> <img src=\"http://localhost:8080/upload/三星（SAMSUNG）23.8英寸 爱眼不闪屏滤蓝光 可壁挂 FreeSync 液晶电脑显示器 S24R352FHC（HDMI接口）/详情图/15.jpg\" /> <img src=\"http://localhost:8080/upload/三星（SAMSUNG）23.8英寸 爱眼不闪屏滤蓝光 可壁挂 FreeSync 液晶电脑显示器 S24R352FHC（HDMI接口）/详情图/16.jpg\" /><img src=\"http://localhost:8080/upload/三星（SAMSUNG）23.8英寸 爱眼不闪屏滤蓝光 可壁挂 FreeSync 液晶电脑显示器 S24R352FHC（HDMI接口）/详情图/17.jpg\" /><img src=\"http://localhost:8080/upload/三星（SAMSUNG）23.8英寸 爱眼不闪屏滤蓝光 可壁挂 FreeSync 液晶电脑显示器 S24R352FHC（HDMI接口）/详情图/18.jpg\" /><img src=\"http://localhost:8080/upload/三星（SAMSUNG）23.8英寸 爱眼不闪屏滤蓝光 可壁挂 FreeSync 液晶电脑显示器 S24R352FHC（HDMI接口）/详情图/19.jpg\" /><img src=\"http://localhost:8080/upload/三星（SAMSUNG）23.8英寸 爱眼不闪屏滤蓝光 可壁挂 FreeSync 液晶电脑显示器 S24R352FHC（HDMI接口）/详情图/20.jpg\" /><img src=\"http://localhost:8080/upload/三星（SAMSUNG）23.8英寸 爱眼不闪屏滤蓝光 可壁挂 FreeSync 液晶电脑显示器 S24R352FHC（HDMI接口）/详情图/21.jpg\" /><img src=\"http://localhost:8080/upload/三星（SAMSUNG）23.8英寸 爱眼不闪屏滤蓝光 可壁挂 FreeSync 液晶电脑显示器 S24R352FHC（HDMI接口）/详情图/22.jpg\" /><img src=\"http://localhost:8080/upload/三星（SAMSUNG）23.8英寸 爱眼不闪屏滤蓝光 可壁挂 FreeSync 液晶电脑显示器 S24R352FHC（HDMI接口）/详情图/23.jpg\" /><img src=\"http://localhost:8080/upload/三星（SAMSUNG）23.8英寸 爱眼不闪屏滤蓝光 可壁挂 FreeSync 液晶电脑显示器 S24R352FHC（HDMI接口）/详情图/24.jpg\" />', 869, 869, 1000, '支持7天无理由退货', 0, 0, '2020-03-26 20:35:58', 0, '2020-03-31 01:41:14');
INSERT INTO `tb_hardware_mall_goods_info` VALUES (10936, '戴尔（DELL） P2418D23.8英寸2K高分辨率旋转升降IPS屏出厂色彩校准 99%sRGB 电脑显示器（带DP线）', '2K专业设计显示器，23.8英寸高分辨率旋转升降99%sRGB！', 179, 'http://localhost:8080/upload/20200326_20364025.jpg', 'http://localhost:8080/upload/20200326_20364025.jpg', '<img src=\"http://localhost:8080/upload/戴尔（DELL） P2418D23.8英寸2K高分辨率旋转升降IPS屏/详情图/1.jpg\" /> <img src=\"http://localhost:8080/upload/戴尔（DELL） P2418D23.8英寸2K高分辨率旋转升降IPS屏/详情图/2.jpg\" /> <img src=\"http://localhost:8080/upload/戴尔（DELL） P2418D23.8英寸2K高分辨率旋转升降IPS屏/详情图/3.jpg\" /> <img src=\"http://localhost:8080/upload/戴尔（DELL） P2418D23.8英寸2K高分辨率旋转升降IPS屏/详情图/4.jpg\" /> <img src=\"http://localhost:8080/upload/戴尔（DELL） P2418D23.8英寸2K高分辨率旋转升降IPS屏/详情图/5.jpg\" /> <img src=\"http://localhost:8080/upload/戴尔（DELL） P2418D23.8英寸2K高分辨率旋转升降IPS屏/详情图/6.jpg\" />', 1499, 1499, 999, '支持7天无理由退货', 0, 0, '2020-03-26 20:36:42', 0, '2020-03-31 00:55:55');
INSERT INTO `tb_hardware_mall_goods_info` VALUES (10937, '罗技（G）G233游戏耳机耳麦 电竞麦克风 电脑手机耳机耳麦 头戴式 LOL吃鸡CF耳机 G231加强版', '罗技G游戏耳机,职业电竞爆款,限时促销，超高性价比,少量到货,手慢无!', 180, 'http://localhost:8080/upload/20200326_2037511.jpg', 'http://localhost:8080/upload/20200326_2037511.jpg', '<img src=\"http://localhost:8080/upload/罗技（G）G233游戏耳机耳麦 电竞麦克风 电脑手机耳机耳麦 头戴式 LOL吃鸡CF耳机 G231加强版/详情图/1.jpg\" /> <img src=\"http://localhost:8080/upload/罗技（G）G233游戏耳机耳麦 电竞麦克风 电脑手机耳机耳麦 头戴式 LOL吃鸡CF耳机 G231加强版/详情图/2.jpg\" /> <img src=\"http://localhost:8080/upload/罗技（G）G233游戏耳机耳麦 电竞麦克风 电脑手机耳机耳麦 头戴式 LOL吃鸡CF耳机 G231加强版/详情图/3.jpg\" /> <img src=\"http://localhost:8080/upload/罗技（G）G233游戏耳机耳麦 电竞麦克风 电脑手机耳机耳麦 头戴式 LOL吃鸡CF耳机 G231加强版/详情图/4.jpg\" /> <img src=\"http://localhost:8080/upload/罗技（G）G233游戏耳机耳麦 电竞麦克风 电脑手机耳机耳麦 头戴式 LOL吃鸡CF耳机 G231加强版/详情图/5.jpg\" /> <img src=\"http://localhost:8080/upload/罗技（G）G233游戏耳机耳麦 电竞麦克风 电脑手机耳机耳麦 头戴式 LOL吃鸡CF耳机 G231加强版/详情图/6.jpg\" /> <img src=\"http://localhost:8080/upload/罗技（G）G233游戏耳机耳麦 电竞麦克风 电脑手机耳机耳麦 头戴式 LOL吃鸡CF耳机 G231加强版/详情图/7.jpg\" /> <img src=\"http://localhost:8080/upload/罗技（G）G233游戏耳机耳麦 电竞麦克风 电脑手机耳机耳麦 头戴式 LOL吃鸡CF耳机 G231加强版/详情图/8.jpg\" /> <img src=\"http://localhost:8080/upload/罗技（G）G233游戏耳机耳麦 电竞麦克风 电脑手机耳机耳麦 头戴式 LOL吃鸡CF耳机 G231加强版/详情图/9.jpg\" /> <img src=\"http://localhost:8080/upload/罗技（G）G233游戏耳机耳麦 电竞麦克风 电脑手机耳机耳麦 头戴式 LOL吃鸡CF耳机 G231加强版/详情图/10.jpg\" /> <img src=\"http://localhost:8080/upload/罗技（G）G233游戏耳机耳麦 电竞麦克风 电脑手机耳机耳麦 头戴式 LOL吃鸡CF耳机 G231加强版/详情图/11.jpg\" /> <img src=\"http://localhost:8080/upload/罗技（G）G233游戏耳机耳麦 电竞麦克风 电脑手机耳机耳麦 头戴式 LOL吃鸡CF耳机 G231加强版/详情图/12.jpg\" /> <img src=\"http://localhost:8080/upload/罗技（G）G233游戏耳机耳麦 电竞麦克风 电脑手机耳机耳麦 头戴式 LOL吃鸡CF耳机 G231加强版/详情图/13.jpg\" /> <img src=\"http://localhost:8080/upload/罗技（G）G233游戏耳机耳麦 电竞麦克风 电脑手机耳机耳麦 头戴式 LOL吃鸡CF耳机 G231加强版/详情图/14.jpg\" /> <img src=\"http://localhost:8080/upload/罗技（G）G233游戏耳机耳麦 电竞麦克风 电脑手机耳机耳麦 头戴式 LOL吃鸡CF耳机 G231加强版/详情图/15.jpg\" /> <img src=\"http://localhost:8080/upload/罗技（G）G233游戏耳机耳麦 电竞麦克风 电脑手机耳机耳麦 头戴式 LOL吃鸡CF耳机 G231加强版/详情图/16.jpg\" /><img src=\"http://localhost:8080/upload/罗技（G）G233游戏耳机耳麦 电竞麦克风 电脑手机耳机耳麦 头戴式 LOL吃鸡CF耳机 G231加强版/详情图/17.jpg\" /><img src=\"http://localhost:8080/upload/罗技（G）G233游戏耳机耳麦 电竞麦克风 电脑手机耳机耳麦 头戴式 LOL吃鸡CF耳机 G231加强版/详情图/18.jpg\" /><img src=\"http://localhost:8080/upload/罗技（G）G233游戏耳机耳麦 电竞麦克风 电脑手机耳机耳麦 头戴式 LOL吃鸡CF耳机 G231加强版/详情图/19.jpg\" /><img src=\"http://localhost:8080/upload/罗技（G）G233游戏耳机耳麦 电竞麦克风 电脑手机耳机耳麦 头戴式 LOL吃鸡CF耳机 G231加强版/详情图/20.jpg\" /><img src=\"http://localhost:8080/upload/罗技（G）G233游戏耳机耳麦 电竞麦克风 电脑手机耳机耳麦 头戴式 LOL吃鸡CF耳机 G231加强版/详情图/21.jpg\" /><img src=\"http://localhost:8080/upload/罗技（G）G233游戏耳机耳麦 电竞麦克风 电脑手机耳机耳麦 头戴式 LOL吃鸡CF耳机 G231加强版/详情图/22.jpg\" /><img src=\"http://localhost:8080/upload/罗技（G）G233游戏耳机耳麦 电竞麦克风 电脑手机耳机耳麦 头戴式 LOL吃鸡CF耳机 G231加强版/详情图/23.jpg\" /><img src=\"http://localhost:8080/upload/罗技（G）G233游戏耳机耳麦 电竞麦克风 电脑手机耳机耳麦 头戴式 LOL吃鸡CF耳机 G231加强版/详情图/24.jpg\" />', 199, 199, 1000, '支持7天无理由退货', 0, 0, '2020-03-26 20:37:52', 0, '2020-03-31 01:36:17');
INSERT INTO `tb_hardware_mall_goods_info` VALUES (10938, '索尼（SONY） MDR-EX15LP 小巧入耳式耳机,佩戴舒适 半透明果冻色渐变机身 黑色', '【清澈立体声】果冻渐变色，小巧精致，经久耐用。', 181, 'http://localhost:8080/upload/20200326_20392233.jpg', 'http://localhost:8080/upload/20200326_20392233.jpg', '<img src=\"http://localhost:8080/upload/索尼（SONY） MDR-EX15LP 小巧入耳式耳机,佩戴舒适 半透明果冻色渐变机身 黑色/详情图/1.jpg\" /> <img src=\"http://localhost:8080/upload/索尼（SONY） MDR-EX15LP 小巧入耳式耳机,佩戴舒适 半透明果冻色渐变机身 黑色/详情图/2.jpg\" /> <img src=\"http://localhost:8080/upload/索尼（SONY） MDR-EX15LP 小巧入耳式耳机,佩戴舒适 半透明果冻色渐变机身 黑色/详情图/3.jpg\" /> <img src=\"http://localhost:8080/upload/索尼（SONY） MDR-EX15LP 小巧入耳式耳机,佩戴舒适 半透明果冻色渐变机身 黑色/详情图/4.jpg\" /> <img src=\"http://localhost:8080/upload/索尼（SONY） MDR-EX15LP 小巧入耳式耳机,佩戴舒适 半透明果冻色渐变机身 黑色/详情图/5.jpg\" /> <img src=\"http://localhost:8080/upload/索尼（SONY） MDR-EX15LP 小巧入耳式耳机,佩戴舒适 半透明果冻色渐变机身 黑色/详情图/6.jpg\" /> <img src=\"http://localhost:8080/upload/索尼（SONY） MDR-EX15LP 小巧入耳式耳机,佩戴舒适 半透明果冻色渐变机身 黑色/详情图/7.jpg\" /> <img src=\"http://localhost:8080/upload/索尼（SONY） MDR-EX15LP 小巧入耳式耳机,佩戴舒适 半透明果冻色渐变机身 黑色/详情图/8.jpg\" /> <img src=\"http://localhost:8080/upload/索尼（SONY） MDR-EX15LP 小巧入耳式耳机,佩戴舒适 半透明果冻色渐变机身 黑色/详情图/9.jpg\" /> <img src=\"http://localhost:8080/upload/索尼（SONY） MDR-EX15LP 小巧入耳式耳机,佩戴舒适 半透明果冻色渐变机身 黑色/详情图/10.jpg\" /> <img src=\"http://localhost:8080/upload/索尼（SONY） MDR-EX15LP 小巧入耳式耳机,佩戴舒适 半透明果冻色渐变机身 黑色/详情图/11.jpg\" /> <img src=\"http://localhost:8080/upload/索尼（SONY） MDR-EX15LP 小巧入耳式耳机,佩戴舒适 半透明果冻色渐变机身 黑色/详情图/12.jpg\" /> <img src=\"http://localhost:8080/upload/索尼（SONY） MDR-EX15LP 小巧入耳式耳机,佩戴舒适 半透明果冻色渐变机身 黑色/详情图/13.jpg\" /> <img src=\"http://localhost:8080/upload/索尼（SONY） MDR-EX15LP 小巧入耳式耳机,佩戴舒适 半透明果冻色渐变机身 黑色/详情图/14.jpg\" />', 69, 69, 1000, '支持7天无理由退货', 0, 0, '2020-03-26 20:39:23', 0, '2020-03-31 01:19:36');
INSERT INTO `tb_hardware_mall_goods_info` VALUES (10939, '金士顿（Kingston）64GB USB3.0 U盘 DTSE9G2 银色 金属外壳 高速读写', '【存储卡新品上市】速度高达170MB/s,支持U3和V30速度,更有8K超高清,读速300MB/S供你选择！', 182, 'http://localhost:8080/upload/20200326_20404984.jpg', 'http://localhost:8080/upload/20200326_20404984.jpg', '<img src=\"http://localhost:8080/upload/金士顿（Kingston）64GB USB3.0 U盘/详情图/1.jpg\" /> <img src=\"http://localhost:8080/upload/金士顿（Kingston）64GB USB3.0 U盘/详情图/2.jpg\" /> <img src=\"http://localhost:8080/upload/金士顿（Kingston）64GB USB3.0 U盘/详情图/3.jpg\" /> <img src=\"http://localhost:8080/upload/金士顿（Kingston）64GB USB3.0 U盘/详情图/4.jpg\" /> <img src=\"http://localhost:8080/upload/金士顿（Kingston）64GB USB3.0 U盘/详情图/5.jpg\" /> <img src=\"http://localhost:8080/upload/金士顿（Kingston）64GB USB3.0 U盘/详情图/6.jpg\" /> <img src=\"http://localhost:8080/upload/金士顿（Kingston）64GB USB3.0 U盘/详情图/7.jpg\" /> <img src=\"http://localhost:8080/upload/金士顿（Kingston）64GB USB3.0 U盘/详情图/8.jpg\" /> <img src=\"http://localhost:8080/upload/金士顿（Kingston）64GB USB3.0 U盘/详情图/9.jpg\" /> <img src=\"http://localhost:8080/upload/金士顿（Kingston）64GB USB3.0 U盘/详情图/10.jpg\" /> <img src=\"http://localhost:8080/upload/金士顿（Kingston）64GB USB3.0 U盘/详情图/11.jpg\" /> <img src=\"http://localhost:8080/upload/金士顿（Kingston）64GB USB3.0 U盘/详情图/12.jpg\" /> <img src=\"http://localhost:8080/upload/金士顿（Kingston）64GB USB3.0 U盘/详情图/13.jpg\" /> <img src=\"http://localhost:8080/upload/金士顿（Kingston）64GB USB3.0 U盘/详情图/14.jpg\" /> <img src=\"http://localhost:8080/upload/金士顿（Kingston）64GB USB3.0 U盘/详情图/15.jpg\" /> <img src=\"http://localhost:8080/upload/金士顿（Kingston）64GB USB3.0 U盘/详情图/16.jpg\" /><img src=\"http://localhost:8080/upload/金士顿（Kingston）64GB USB3.0 U盘/详情图/17.jpg\" /><img src=\"http://localhost:8080/upload/金士顿（Kingston）64GB USB3.0 U盘/详情图/18.jpg\" /><img src=\"http://localhost:8080/upload/金士顿（Kingston）64GB USB3.0 U盘/详情图/19.jpg\" /><img src=\"http://localhost:8080/upload/金士顿（Kingston）64GB USB3.0 U盘/详情图/20.jpg\" /><img src=\"http://localhost:8080/upload/金士顿（Kingston）64GB USB3.0 U盘/详情图/21.jpg\" /><img src=\"http://localhost:8080/upload/金士顿（Kingston）64GB USB3.0 U盘/详情图/22.jpg\" />', 78, 78, 1000, '支持7天无理由退货', 0, 0, '2020-03-26 20:40:49', 0, '2020-03-31 00:46:14');
INSERT INTO `tb_hardware_mall_goods_info` VALUES (10940, '微星（MSI）Z390-A PRO 主板 支持intel 9代CPU 9600K/9700K/9900K（Intel Z390/LGA 1151）', '【限时享主板180天质保换新,售后无忧】', 136, 'http://localhost:8080/upload/20200326_23441334.jpg', 'http://localhost:8080/upload/20200326_23441334.jpg', '<img src=\"http://localhost:8080/upload/微星（MSI）Z390-A PRO 主板 支持intel 9代CPU 9600K9700K9900K（Intel Z390LGA 1151）/详情图/1.jpg\" /> <img src=\"http://localhost:8080/upload/微星（MSI）Z390-A PRO 主板 支持intel 9代CPU 9600K9700K9900K（Intel Z390LGA 1151）/详情图/2.jpg\" /> <img src=\"http://localhost:8080/upload/微星（MSI）Z390-A PRO 主板 支持intel 9代CPU 9600K9700K9900K（Intel Z390LGA 1151）/详情图/3.jpg\" /> <img src=\"http://localhost:8080/upload/微星（MSI）Z390-A PRO 主板 支持intel 9代CPU 9600K9700K9900K（Intel Z390LGA 1151）/详情图/4.jpg\" /> <img src=\"http://localhost:8080/upload/微星（MSI）Z390-A PRO 主板 支持intel 9代CPU 9600K9700K9900K（Intel Z390LGA 1151）/详情图/5.jpg\" /> <img src=\"http://localhost:8080/upload/微星（MSI）Z390-A PRO 主板 支持intel 9代CPU 9600K9700K9900K（Intel Z390LGA 1151）/详情图/6.jpg\" /> <img src=\"http://localhost:8080/upload/微星（MSI）Z390-A PRO 主板 支持intel 9代CPU 9600K9700K9900K（Intel Z390LGA 1151）/详情图/7.jpg\" /> <img src=\"http://localhost:8080/upload/微星（MSI）Z390-A PRO 主板 支持intel 9代CPU 9600K9700K9900K（Intel Z390LGA 1151）/详情图/8.jpg\" /> <img src=\"http://localhost:8080/upload/微星（MSI）Z390-A PRO 主板 支持intel 9代CPU 9600K9700K9900K（Intel Z390LGA 1151）/详情图/9.jpg\" /> <img src=\"http://localhost:8080/upload/微星（MSI）Z390-A PRO 主板 支持intel 9代CPU 9600K9700K9900K（Intel Z390LGA 1151）/详情图/10.jpg\" /> <img src=\"http://localhost:8080/upload/微星（MSI）Z390-A PRO 主板 支持intel 9代CPU 9600K9700K9900K（Intel Z390LGA 1151）/详情图/11.jpg\" /> <img src=\"http://localhost:8080/upload/微星（MSI）Z390-A PRO 主板 支持intel 9代CPU 9600K9700K9900K（Intel Z390LGA 1151）/详情图/12.jpg\" /> <img src=\"http://localhost:8080/upload/微星（MSI）Z390-A PRO 主板 支持intel 9代CPU 9600K9700K9900K（Intel Z390LGA 1151）/详情图/13.jpg\" /> <img src=\"http://localhost:8080/upload/微星（MSI）Z390-A PRO 主板 支持intel 9代CPU 9600K9700K9900K（Intel Z390LGA 1151）/详情图/14.jpg\" /> <img src=\"http://localhost:8080/upload/微星（MSI）Z390-A PRO 主板 支持intel 9代CPU 9600K9700K9900K（Intel Z390LGA 1151）/详情图/15.jpg\" /> <img src=\"http://localhost:8080/upload/微星（MSI）Z390-A PRO 主板 支持intel 9代CPU 9600K9700K9900K（Intel Z390LGA 1151）/详情图/16.jpg\" />', 899, 899, 1000, '支持7天无理由退货', 0, 0, '2020-03-26 23:41:57', 0, '2020-03-31 01:25:24');
INSERT INTO `tb_hardware_mall_goods_info` VALUES (10941, '七彩虹（Colorful）iGame GeForce RTX 2060 Ultra 1680-1710MHz GDDR6 6G电竞游戏显卡', '一键超频按键+至纯供电！RGB信仰灯,大尺寸PCB+镀银触点,稳固装甲背板,三年质保,注享一年免费上门！', 122, 'http://localhost:8080/upload/20200327_11541853.jpg', 'http://localhost:8080/upload/20200327_11541853.jpg', '<img src=\"http://localhost:8080/upload/七彩虹（Colorful）iGame GeForce RTX 2060 Ultra 1680-1710MHz GDDR6 6G电竞游戏显卡/详情图/1.jpg\" /> <img src=\"http://localhost:8080/upload/七彩虹（Colorful）iGame GeForce RTX 2060 Ultra 1680-1710MHz GDDR6 6G电竞游戏显卡/详情图/2.jpg\" /> <img src=\"http://localhost:8080/upload/七彩虹（Colorful）iGame GeForce RTX 2060 Ultra 1680-1710MHz GDDR6 6G电竞游戏显卡/详情图/3.jpg\" /> <img src=\"http://localhost:8080/upload/七彩虹（Colorful）iGame GeForce RTX 2060 Ultra 1680-1710MHz GDDR6 6G电竞游戏显卡/详情图/4.jpg\" /> <img src=\"http://localhost:8080/upload/七彩虹（Colorful）iGame GeForce RTX 2060 Ultra 1680-1710MHz GDDR6 6G电竞游戏显卡/详情图/5.jpg\" /> <img src=\"http://localhost:8080/upload/七彩虹（Colorful）iGame GeForce RTX 2060 Ultra 1680-1710MHz GDDR6 6G电竞游戏显卡/详情图/6.jpg\" /> <img src=\"http://localhost:8080/upload/七彩虹（Colorful）iGame GeForce RTX 2060 Ultra 1680-1710MHz GDDR6 6G电竞游戏显卡/详情图/7.jpg\" /> <img src=\"http://localhost:8080/upload/七彩虹（Colorful）iGame GeForce RTX 2060 Ultra 1680-1710MHz GDDR6 6G电竞游戏显卡/详情图/8.jpg\" /> <img src=\"http://localhost:8080/upload/七彩虹（Colorful）iGame GeForce RTX 2060 Ultra 1680-1710MHz GDDR6 6G电竞游戏显卡/详情图/9.jpg\" /> <img src=\"http://localhost:8080/upload/七彩虹（Colorful）iGame GeForce RTX 2060 Ultra 1680-1710MHz GDDR6 6G电竞游戏显卡/详情图/10.jpg\" /> <img src=\"http://localhost:8080/upload/七彩虹（Colorful）iGame GeForce RTX 2060 Ultra 1680-1710MHz GDDR6 6G电竞游戏显卡/详情图/11.jpg\" /> <img src=\"http://localhost:8080/upload/七彩虹（Colorful）iGame GeForce RTX 2060 Ultra 1680-1710MHz GDDR6 6G电竞游戏显卡/详情图/12.jpg\" /> <img src=\"http://localhost:8080/upload/七彩虹（Colorful）iGame GeForce RTX 2060 Ultra 1680-1710MHz GDDR6 6G电竞游戏显卡/详情图/13.jpg\" /> <img src=\"http://localhost:8080/upload/七彩虹（Colorful）iGame GeForce RTX 2060 Ultra 1680-1710MHz GDDR6 6G电竞游戏显卡/详情图/14.jpg\" /> <img src=\"http://localhost:8080/upload/七彩虹（Colorful）iGame GeForce RTX 2060 Ultra 1680-1710MHz GDDR6 6G电竞游戏显卡/详情图/15.jpg\" /> <img src=\"http://localhost:8080/upload/七彩虹（Colorful）iGame GeForce RTX 2060 Ultra 1680-1710MHz GDDR6 6G电竞游戏显卡/详情图/16.jpg\" /><img src=\"http://localhost:8080/upload/七彩虹（Colorful）iGame GeForce RTX 2060 Ultra 1680-1710MHz GDDR6 6G电竞游戏显卡/详情图/17.jpg\" /><img src=\"http://localhost:8080/upload/七彩虹（Colorful）iGame GeForce RTX 2060 Ultra 1680-1710MHz GDDR6 6G电竞游戏显卡/详情图/18.jpg\" /><img src=\"http://localhost:8080/upload/七彩虹（Colorful）iGame GeForce RTX 2060 Ultra 1680-1710MHz GDDR6 6G电竞游戏显卡/详情图/19.jpg\" /><img src=\"http://localhost:8080/upload/七彩虹（Colorful）iGame GeForce RTX 2060 Ultra 1680-1710MHz GDDR6 6G电竞游戏显卡/详情图/20.jpg\" /><img src=\"http://localhost:8080/upload/七彩虹（Colorful）iGame GeForce RTX 2060 Ultra 1680-1710MHz GDDR6 6G电竞游戏显卡/详情图/21.jpg\" /><img src=\"http://localhost:8080/upload/七彩虹（Colorful）iGame GeForce RTX 2060 Ultra 1680-1710MHz GDDR6 6G电竞游戏显卡/详情图/22.jpg\" /><img src=\"http://localhost:8080/upload/七彩虹（Colorful）iGame GeForce RTX 2060 Ultra 1680-1710MHz GDDR6 6G电竞游戏显卡/详情图/23.jpg\" /><img src=\"http://localhost:8080/upload/七彩虹（Colorful）iGame GeForce RTX 2060 Ultra 1680-1710MHz GDDR6 6G电竞游戏显卡/详情图/24.jpg\" />', 2499, 2499, 1000, '支持7天无理由退货', 0, 0, '2020-03-27 11:54:19', 0, '2020-03-31 01:37:24');

-- ----------------------------
-- Table structure for tb_hardware_mall_index_config
-- ----------------------------
DROP TABLE IF EXISTS `tb_hardware_mall_index_config`;
CREATE TABLE `tb_hardware_mall_index_config`  (
  `config_id` bigint(20) NOT NULL AUTO_INCREMENT COMMENT '首页配置项主键id',
  `config_name` varchar(50) CHARACTER SET utf8 COLLATE utf8_general_ci NOT NULL DEFAULT '' COMMENT '显示字符(配置搜索时不可为空，其他可为空)',
  `config_type` tinyint(4) NOT NULL DEFAULT 0 COMMENT '1-搜索框热搜 2-搜索下拉框热搜 3-(首页)热销商品 4-(首页)新品上线 5-(首页)为你推荐',
  `goods_id` bigint(20) NOT NULL DEFAULT 0 COMMENT '商品id 默认为0',
  `redirect_url` varchar(100) CHARACTER SET utf8 COLLATE utf8_general_ci NOT NULL DEFAULT '##' COMMENT '点击后的跳转地址(默认不跳转)',
  `config_rank` int(11) NOT NULL DEFAULT 0 COMMENT '排序值(字段越大越靠前)',
  `is_deleted` tinyint(4) NOT NULL DEFAULT 0 COMMENT '删除标识字段(0-未删除 1-已删除)',
  `create_time` datetime(0) NOT NULL DEFAULT CURRENT_TIMESTAMP(0) COMMENT '创建时间',
  `create_user` int(11) NOT NULL DEFAULT 0 COMMENT '创建者id',
  `update_time` datetime(0) NOT NULL DEFAULT CURRENT_TIMESTAMP(0) COMMENT '最新修改时间',
  `update_user` int(11) NULL DEFAULT 0 COMMENT '修改者id',
  PRIMARY KEY (`config_id`) USING BTREE
) ENGINE = InnoDB AUTO_INCREMENT = 46 CHARACTER SET = utf8 COLLATE = utf8_general_ci ROW_FORMAT = Dynamic;

-- ----------------------------
-- Records of tb_hardware_mall_index_config
-- ----------------------------
INSERT INTO `tb_hardware_mall_index_config` VALUES (25, '微星', 3, 10897, '##', 0, 1, '2020-03-26 22:17:44', 0, '2020-03-26 22:18:30', 0);
INSERT INTO `tb_hardware_mall_index_config` VALUES (26, 'AMD 锐龙5 3600X', 3, 10907, '##', 2, 0, '2020-03-26 22:45:13', 0, '2020-03-26 22:45:13', 0);
INSERT INTO `tb_hardware_mall_index_config` VALUES (27, '英特尔i7-9700K', 3, 10903, '##', 1, 0, '2020-03-26 22:45:55', 0, '2020-03-26 22:45:55', 0);
INSERT INTO `tb_hardware_mall_index_config` VALUES (28, '西部数据蓝盘1TB', 3, 10919, '##', 0, 0, '2020-03-26 22:47:07', 0, '2020-03-26 22:47:07', 0);
INSERT INTO `tb_hardware_mall_index_config` VALUES (29, '金士顿内存8GB', 3, 10921, '##', 0, 1, '2020-03-26 22:48:46', 0, '2020-03-26 23:22:43', 0);
INSERT INTO `tb_hardware_mall_index_config` VALUES (30, '游戏悍将 天空之城', 3, 10923, '##', 3, 0, '2020-03-26 22:49:27', 0, '2020-03-26 22:49:27', 0);
INSERT INTO `tb_hardware_mall_index_config` VALUES (31, 'AMD线程撕裂者3990X', 4, 10908, '##', 0, 0, '2020-03-26 22:51:02', 0, '2020-03-26 22:51:02', 0);
INSERT INTO `tb_hardware_mall_index_config` VALUES (32, '三星显示屏', 4, 10935, '##', 0, 0, '2020-03-26 22:51:35', 0, '2020-03-26 22:51:35', 0);
INSERT INTO `tb_hardware_mall_index_config` VALUES (33, '九州风神玄冰400', 4, 10913, '##', 0, 0, '2020-03-26 22:51:57', 0, '2020-03-26 22:51:57', 0);
INSERT INTO `tb_hardware_mall_index_config` VALUES (34, '三星970evoPlus 1TB', 4, 10918, '##', 0, 0, '2020-03-26 22:52:31', 0, '2020-03-26 22:52:31', 0);
INSERT INTO `tb_hardware_mall_index_config` VALUES (35, 'RTX TITANV2080ti', 4, 10899, '##', 0, 0, '2020-03-26 22:53:15', 0, '2020-03-26 22:53:15', 0);
INSERT INTO `tb_hardware_mall_index_config` VALUES (36, '乔思伯光影240一体式水冷', 5, 10915, '##', 0, 0, '2020-03-26 22:54:48', 0, '2020-03-26 22:54:48', 0);
INSERT INTO `tb_hardware_mall_index_config` VALUES (37, '三星500GBSSD', 5, 10917, '##', 0, 0, '2020-03-26 22:55:23', 0, '2020-03-26 22:55:23', 0);
INSERT INTO `tb_hardware_mall_index_config` VALUES (38, '英特尔至强W-3175X', 5, 10906, '##', 0, 0, '2020-03-26 22:56:06', 0, '2020-03-26 22:56:06', 0);
INSERT INTO `tb_hardware_mall_index_config` VALUES (39, '英特尔i5-9600KF', 5, 10904, '##', 0, 0, '2020-03-26 22:56:25', 0, '2020-03-26 22:56:25', 0);
INSERT INTO `tb_hardware_mall_index_config` VALUES (40, '英特尔i3-9100', 5, 10905, '##', 0, 0, '2020-03-26 22:56:43', 0, '2020-03-26 22:56:43', 0);
INSERT INTO `tb_hardware_mall_index_config` VALUES (41, '华擎H310CM-ITX主板', 5, 10909, '##', 0, 0, '2020-03-26 22:57:10', 0, '2020-03-26 22:57:10', 0);
INSERT INTO `tb_hardware_mall_index_config` VALUES (42, '蓝宝石RX590GME8G', 5, 10900, '##', 0, 0, '2020-03-26 22:57:38', 0, '2020-03-26 22:57:38', 0);
INSERT INTO `tb_hardware_mall_index_config` VALUES (43, '戴尔2K电脑显示器', 5, 10936, '##', 0, 0, '2020-03-26 22:59:03', 0, '2020-03-26 22:59:03', 0);
INSERT INTO `tb_hardware_mall_index_config` VALUES (44, '雷蛇蝰蛇标准版', 5, 10931, '##', 0, 0, '2020-03-26 23:03:37', 0, '2020-03-26 23:03:37', 0);
INSERT INTO `tb_hardware_mall_index_config` VALUES (45, '金河田峥嵘MUT1机箱', 5, 10925, '##', 0, 0, '2020-03-26 23:04:06', 0, '2020-03-26 23:04:06', 0);

-- ----------------------------
-- Table structure for tb_hardware_mall_order
-- ----------------------------
DROP TABLE IF EXISTS `tb_hardware_mall_order`;
CREATE TABLE `tb_hardware_mall_order`  (
  `order_id` bigint(20) NOT NULL AUTO_INCREMENT COMMENT '订单表主键id',
  `order_no` varchar(20) CHARACTER SET utf8 COLLATE utf8_general_ci NOT NULL DEFAULT '' COMMENT '订单号',
  `user_id` bigint(20) NOT NULL DEFAULT 0 COMMENT '用户主键id',
  `total_price` int(11) NOT NULL DEFAULT 1 COMMENT '订单总价',
  `pay_status` tinyint(4) NOT NULL DEFAULT 0 COMMENT '支付状态:0.未支付,1.支付成功,-1:支付失败',
  `pay_type` tinyint(4) NOT NULL DEFAULT 0 COMMENT '0.无 1.支付宝支付 2.微信支付',
  `pay_time` datetime(0) NULL DEFAULT NULL COMMENT '支付时间',
  `order_status` tinyint(4) NOT NULL DEFAULT 0 COMMENT '订单状态:0.待支付 1.已支付 2.配货完成 3:出库成功 4.交易成功 -1.手动关闭 -2.超时关闭 -3.商家关闭',
  `extra_info` varchar(100) CHARACTER SET utf8 COLLATE utf8_general_ci NOT NULL DEFAULT '' COMMENT '订单body',
  `user_name` varchar(30) CHARACTER SET utf8 COLLATE utf8_general_ci NOT NULL DEFAULT '' COMMENT '收货人姓名',
  `user_phone` varchar(11) CHARACTER SET utf8 COLLATE utf8_general_ci NOT NULL DEFAULT '' COMMENT '收货人手机号',
  `user_address` varchar(100) CHARACTER SET utf8 COLLATE utf8_general_ci NOT NULL DEFAULT '' COMMENT '收货人收货地址',
  `is_deleted` tinyint(4) NOT NULL DEFAULT 0 COMMENT '删除标识字段(0-未删除 1-已删除)',
  `create_time` datetime(0) NOT NULL DEFAULT CURRENT_TIMESTAMP(0) COMMENT '创建时间',
  `update_time` datetime(0) NOT NULL DEFAULT CURRENT_TIMESTAMP(0) COMMENT '最新修改时间',
  PRIMARY KEY (`order_id`) USING BTREE
) ENGINE = InnoDB AUTO_INCREMENT = 38 CHARACTER SET = utf8 COLLATE = utf8_general_ci ROW_FORMAT = Dynamic;

-- ----------------------------
-- Records of tb_hardware_mall_order
-- ----------------------------
INSERT INTO `tb_hardware_mall_order` VALUES (33, '15852265295375799', 9, 17, 1, 1, '2020-03-26 20:42:14', 4, '', '', '', '山西省太原市迎泽区钟楼街', 0, '2020-03-26 20:42:09', '2020-03-26 20:42:54');
INSERT INTO `tb_hardware_mall_order` VALUES (34, '15852361239576725', 1, 299, 1, 1, '2020-03-26 23:22:09', 1, '', '', '', '山西省太原市迎泽区钟楼街', 0, '2020-03-26 23:22:03', '2020-03-26 23:22:09');
INSERT INTO `tb_hardware_mall_order` VALUES (35, '15852810193051491', 1, 24688, 1, 1, '2020-03-27 11:50:45', 4, '', '', '', '山西省太原市迎泽区北大街', 0, '2020-03-27 11:50:19', '2020-03-27 11:51:53');
INSERT INTO `tb_hardware_mall_order` VALUES (36, '15854001655671879', 1, 3799, 1, 1, '2020-03-28 20:56:12', 4, '', '', '', '山西省太原市迎泽区钟楼街', 0, '2020-03-28 20:56:05', '2020-03-28 20:56:57');
INSERT INTO `tb_hardware_mall_order` VALUES (37, '15854761603671800', 1, 1499, 1, 1, '2020-03-29 18:03:43', 1, '', '', '', '山西省太原市迎泽区钟楼街', 0, '2020-03-29 18:02:40', '2020-03-29 18:03:43');

-- ----------------------------
-- Table structure for tb_hardware_mall_order_item
-- ----------------------------
DROP TABLE IF EXISTS `tb_hardware_mall_order_item`;
CREATE TABLE `tb_hardware_mall_order_item`  (
  `order_item_id` bigint(20) NOT NULL AUTO_INCREMENT COMMENT '订单关联购物项主键id',
  `order_id` bigint(20) NOT NULL DEFAULT 0 COMMENT '订单主键id',
  `goods_id` bigint(20) NOT NULL DEFAULT 0 COMMENT '关联商品id',
  `goods_name` varchar(200) CHARACTER SET utf8 COLLATE utf8_general_ci NOT NULL DEFAULT '' COMMENT '下单时商品的名称(订单快照)',
  `goods_cover_img` varchar(200) CHARACTER SET utf8 COLLATE utf8_general_ci NOT NULL DEFAULT '' COMMENT '下单时商品的主图(订单快照)',
  `selling_price` int(11) NOT NULL DEFAULT 1 COMMENT '下单时商品的价格(订单快照)',
  `goods_count` int(11) NOT NULL DEFAULT 1 COMMENT '数量(订单快照)',
  `create_time` datetime(0) NOT NULL DEFAULT CURRENT_TIMESTAMP(0) COMMENT '创建时间',
  PRIMARY KEY (`order_item_id`) USING BTREE
) ENGINE = InnoDB AUTO_INCREMENT = 55 CHARACTER SET = utf8 COLLATE = utf8_general_ci ROW_FORMAT = Dynamic;

-- ----------------------------
-- Records of tb_hardware_mall_order_item
-- ----------------------------
INSERT INTO `tb_hardware_mall_order_item` VALUES (48, 32, 10700, '荣耀8X 千元屏霸 91%屏占比 2000万AI双摄', '/goods-img/6a160b96-9b4a-4844-b335-feb31b1f5d8c.jpg', 999, 1, '2020-03-26 17:30:11');
INSERT INTO `tb_hardware_mall_order_item` VALUES (49, 33, 10934, '灵蛇（LINGSHE）有线单键盘USB笔记本台式电脑一体...', 'http://localhost:8080/upload/20200326_20335693.jpg', 17, 1, '2020-03-26 20:42:09');
INSERT INTO `tb_hardware_mall_order_item` VALUES (50, 34, 10923, '游戏悍将 天空之城 中塔ATX机箱（钢化玻璃侧透/支持3...', 'http://localhost:8080/upload/20200326_20123261.jpg', 299, 1, '2020-03-26 23:22:03');
INSERT INTO `tb_hardware_mall_order_item` VALUES (51, 35, 10901, '英特尔（Intel）i9-9900K 酷睿八核 盒装CP...', 'http://localhost:8080/upload/20200326_19304915.jpg', 3799, 1, '2020-03-27 11:50:19');
INSERT INTO `tb_hardware_mall_order_item` VALUES (52, 35, 10899, '英伟达 NVIDIA RTX TITAN V 2080t...', 'http://localhost:8080/upload/20200326_19262079.jpg', 20889, 1, '2020-03-27 11:50:19');
INSERT INTO `tb_hardware_mall_order_item` VALUES (53, 36, 10901, '英特尔（Intel）i9-9900K 酷睿八核 盒装CP...', 'http://localhost:8080/upload/20200326_19304915.jpg', 3799, 1, '2020-03-28 20:56:05');
INSERT INTO `tb_hardware_mall_order_item` VALUES (54, 37, 10936, '戴尔（DELL） P2418D23.8英寸2K高分辨率旋...', 'http://localhost:8080/upload/20200326_20364025.jpg', 1499, 1, '2020-03-29 18:02:40');

-- ----------------------------
-- Table structure for tb_hardware_mall_shopping_cart_item
-- ----------------------------
DROP TABLE IF EXISTS `tb_hardware_mall_shopping_cart_item`;
CREATE TABLE `tb_hardware_mall_shopping_cart_item`  (
  `cart_item_id` bigint(20) NOT NULL AUTO_INCREMENT COMMENT '购物项主键id',
  `user_id` bigint(20) NOT NULL COMMENT '用户主键id',
  `goods_id` bigint(20) NOT NULL DEFAULT 0 COMMENT '关联商品id',
  `goods_count` int(11) NOT NULL DEFAULT 1 COMMENT '数量(最大为5)',
  `is_deleted` tinyint(4) NOT NULL DEFAULT 0 COMMENT '删除标识字段(0-未删除 1-已删除)',
  `create_time` datetime(0) NOT NULL DEFAULT CURRENT_TIMESTAMP(0) COMMENT '创建时间',
  `update_time` datetime(0) NOT NULL DEFAULT CURRENT_TIMESTAMP(0) COMMENT '最新修改时间',
  PRIMARY KEY (`cart_item_id`) USING BTREE
) ENGINE = InnoDB AUTO_INCREMENT = 94 CHARACTER SET = utf8 COLLATE = utf8_general_ci ROW_FORMAT = Dynamic;

-- ----------------------------
-- Records of tb_hardware_mall_shopping_cart_item
-- ----------------------------
INSERT INTO `tb_hardware_mall_shopping_cart_item` VALUES (88, 9, 10934, 1, 1, '2020-03-26 20:42:05', '2020-03-26 20:42:05');
INSERT INTO `tb_hardware_mall_shopping_cart_item` VALUES (89, 1, 10923, 1, 1, '2020-03-26 23:21:59', '2020-03-26 23:21:59');
INSERT INTO `tb_hardware_mall_shopping_cart_item` VALUES (90, 1, 10901, 1, 1, '2020-03-27 11:49:33', '2020-03-27 11:50:06');
INSERT INTO `tb_hardware_mall_shopping_cart_item` VALUES (91, 1, 10899, 1, 1, '2020-03-27 11:49:48', '2020-03-27 11:49:48');
INSERT INTO `tb_hardware_mall_shopping_cart_item` VALUES (92, 1, 10901, 1, 1, '2020-03-28 20:55:54', '2020-03-28 20:55:54');
INSERT INTO `tb_hardware_mall_shopping_cart_item` VALUES (93, 1, 10936, 1, 1, '2020-03-29 18:02:21', '2020-03-29 18:02:21');

-- ----------------------------
-- Table structure for tb_hardware_mall_user
-- ----------------------------
DROP TABLE IF EXISTS `tb_hardware_mall_user`;
CREATE TABLE `tb_hardware_mall_user`  (
  `user_id` bigint(20) NOT NULL AUTO_INCREMENT COMMENT '用户主键id',
  `nick_name` varchar(50) CHARACTER SET utf8 COLLATE utf8_general_ci NOT NULL DEFAULT '' COMMENT '用户昵称',
  `login_name` varchar(11) CHARACTER SET utf8 COLLATE utf8_general_ci NOT NULL DEFAULT '' COMMENT '登陆名称(默认为手机号)',
  `password_md5` varchar(32) CHARACTER SET utf8 COLLATE utf8_general_ci NOT NULL DEFAULT '' COMMENT 'MD5加密后的密码',
  `introduce_sign` varchar(100) CHARACTER SET utf8 COLLATE utf8_general_ci NOT NULL DEFAULT '' COMMENT '个性签名',
  `address` varchar(100) CHARACTER SET utf8 COLLATE utf8_general_ci NOT NULL DEFAULT '' COMMENT '收货地址',
  `is_deleted` tinyint(4) NOT NULL DEFAULT 0 COMMENT '注销标识字段(0-正常 1-已注销)',
  `locked_flag` tinyint(4) NOT NULL DEFAULT 0 COMMENT '锁定标识字段(0-未锁定 1-已锁定)',
  `create_time` datetime(0) NOT NULL DEFAULT CURRENT_TIMESTAMP(0) COMMENT '注册时间',
  PRIMARY KEY (`user_id`) USING BTREE
) ENGINE = InnoDB AUTO_INCREMENT = 13 CHARACTER SET = utf8 COLLATE = utf8_general_ci ROW_FORMAT = Dynamic;

-- ----------------------------
-- Records of tb_hardware_mall_user
-- ----------------------------
INSERT INTO `tb_hardware_mall_user` VALUES (1, 'Core', '15635129066', 'e10adc3949ba59abbe56e057f20f883e', 'hello world!!!', '山西省太原市迎泽区钟楼街', 0, 0, '2020-02-26 16:15:25');
INSERT INTO `tb_hardware_mall_user` VALUES (2, '15635129067', '15635129067', 'e10adc3949ba59abbe56e057f20f883e', 'hello world！', '山西省太原市迎泽区钟楼街123号', 0, 0, '2020-03-22 19:43:30');
INSERT INTO `tb_hardware_mall_user` VALUES (3, '15635129068', '15635129068', 'fbe82b93c071bedda31afded400cca52', '', '', 0, 0, '2020-03-24 14:48:41');
INSERT INTO `tb_hardware_mall_user` VALUES (4, '15635129065', '15635129065', 'e10adc3949ba59abbe56e057f20f883e', '', '', 0, 0, '2020-03-24 14:49:40');

SET FOREIGN_KEY_CHECKS = 1;
